,age,Medu,Fedu,Mjob,Fjob,reason,guardian,traveltime,studytime,failures,famrel,freetime,goout,Dalc,Walc,health,absences,G1,G2,G3,sex_F,sex_M,famsize_GT3,Pstatus_T,address_U,schoolsup_YES,famsup_YES,activities_YES,paid_YES,internet_YES,nursery_YES,higher_YES,romantic_YES,school_GP
0,18,4,4,1,4,1,2,2,2,0,4,3,4,1,1,3,4,0,11,11,1,0,0,0,1,1,0,0,0,0,1,1,0,1
1,17,1,1,1,5,1,1,1,2,0,5,3,3,1,1,3,2,9,11,11,1,0,0,1,1,0,1,0,0,1,0,1,0,1
2,15,1,1,1,5,4,2,1,2,0,4,3,2,2,3,3,6,12,13,12,1,0,1,1,1,1,0,0,0,1,1,1,0,1
3,15,4,2,2,3,2,2,1,3,0,3,2,2,1,1,5,0,14,14,14,1,0,0,1,1,0,1,1,0,1,1,1,1,1
4,16,3,3,5,5,2,1,1,2,0,4,3,2,1,2,5,0,11,13,13,1,0,0,1,1,0,1,0,0,0,1,1,0,1
5,16,4,3,3,5,3,2,1,2,0,5,4,2,1,2,5,6,12,12,13,0,1,1,1,1,0,1,1,0,1,1,1,0,1
6,16,2,2,5,5,2,2,1,2,0,4,4,4,1,1,3,0,13,12,13,0,1,1,1,1,0,0,0,0,1,1,1,0,1
7,17,4,4,5,4,2,2,2,2,0,4,1,4,1,1,1,2,10,13,13,1,0,0,0,1,1,1,0,0,0,1,1,0,1
8,15,3,2,3,5,2,2,1,2,0,4,2,2,1,1,1,0,15,16,17,0,1,1,0,1,0,1,0,0,1,1,1,0,1
9,15,3,4,5,5,2,2,1,2,0,5,5,1,1,1,5,0,12,12,13,0,1,0,1,1,0,1,1,0,1,1,1,0,1
10,15,4,4,4,2,3,2,1,2,0,3,3,3,1,2,2,2,14,14,14,1,0,0,1,1,0,1,0,0,1,1,1,0,1
11,15,2,1,3,5,3,1,3,3,0,5,2,2,1,1,4,0,10,12,13,1,0,0,1,1,0,1,1,0,1,1,1,0,1
12,15,4,4,2,3,1,1,1,1,0,4,3,3,1,3,5,0,12,13,12,0,1,1,1,1,0,1,1,0,1,1,1,0,1
13,15,4,3,4,5,1,2,2,2,0,5,4,3,1,2,3,0,12,12,13,0,1,0,1,1,0,1,0,0,1,1,1,0,1
14,15,2,2,5,5,2,3,1,3,0,4,5,2,1,1,3,0,14,14,15,0,1,0,0,1,0,1,0,0,1,1,1,1,1
15,16,4,4,2,5,2,2,1,1,0,4,4,4,1,2,2,6,17,17,17,1,0,0,1,1,0,1,0,0,1,1,1,0,1
16,16,4,4,3,3,3,2,1,3,0,3,2,3,1,2,2,10,13,13,14,1,0,0,1,1,0,1,1,0,1,1,1,0,1
17,16,3,3,5,5,3,2,3,2,0,5,3,2,1,1,4,2,13,14,14,1,0,0,1,1,1,1,1,0,0,1,1,0,1
18,17,3,2,3,3,1,2,1,1,3,5,5,5,2,4,5,2,8,8,7,0,1,0,1,1,0,1,1,1,1,1,1,0,1
19,16,4,3,2,5,2,1,1,1,0,3,1,3,1,3,5,6,12,12,12,0,1,1,1,1,0,0,1,0,1,1,1,0,1
20,15,4,3,4,5,3,2,1,2,0,4,4,1,1,1,1,0,12,13,14,0,1,0,1,1,0,0,0,0,1,1,1,0,1
21,15,4,4,2,2,4,1,1,1,0,5,4,2,1,1,5,0,11,12,12,0,1,0,1,1,0,1,0,1,1,1,1,0,1
22,16,4,2,4,5,1,2,1,2,0,4,5,1,1,3,5,0,12,13,14,0,1,1,1,1,0,0,1,0,1,1,1,0,1
23,16,2,2,5,5,3,2,2,2,0,5,4,4,2,4,5,2,10,10,10,0,1,1,1,1,0,1,1,0,1,1,1,0,1
24,15,2,4,3,2,1,2,1,3,0,4,3,2,1,1,5,2,10,11,10,1,0,0,1,0,1,1,1,0,1,1,1,0,1
25,16,2,2,3,3,2,2,1,1,0,1,2,2,1,3,5,6,10,11,12,1,0,0,1,1,0,1,0,0,1,0,1,0,1
26,15,2,2,5,5,2,2,1,1,0,4,2,2,1,2,5,8,11,12,12,0,1,0,1,1,0,1,0,0,1,1,1,0,1
27,15,4,2,2,3,4,2,1,1,0,2,2,4,2,4,1,0,11,11,11,0,1,0,1,1,0,0,0,0,1,1,1,0,1
28,16,3,4,3,5,2,2,1,2,0,5,3,3,1,1,5,2,12,12,13,0,1,1,0,1,1,1,1,1,1,1,1,0,1
29,16,4,4,4,4,2,2,1,2,0,4,4,5,5,5,5,4,12,11,12,0,1,0,1,1,0,1,1,1,1,1,1,1,1
30,15,4,4,2,3,2,2,1,2,0,5,4,2,3,4,5,0,10,11,11,0,1,0,1,1,0,1,0,1,1,0,1,0,1
31,15,4,4,3,3,3,2,2,2,0,4,3,1,1,1,5,2,15,15,15,0,1,0,1,1,0,1,1,0,1,1,1,0,1
32,15,4,3,4,1,1,2,1,2,0,4,5,2,1,1,5,0,13,14,15,0,1,0,1,0,0,1,1,0,1,1,1,1,1
33,15,3,3,5,5,1,2,1,2,0,5,3,2,1,1,2,0,13,12,12,0,1,1,1,1,0,0,1,0,1,0,1,0,1
34,16,3,2,5,5,2,2,1,1,0,5,4,3,1,1,5,4,12,12,12,0,1,0,1,1,0,1,0,0,1,0,1,0,1
35,15,2,3,5,5,4,1,2,1,0,3,5,1,1,1,5,4,11,11,11,1,0,0,1,1,0,1,1,0,0,1,1,0,1
36,15,4,3,4,3,2,2,1,3,0,5,4,3,1,1,4,0,14,14,14,0,1,1,1,1,0,1,1,0,1,1,1,0,1
37,16,4,4,5,4,3,2,2,3,0,2,4,3,1,1,5,4,13,13,13,0,1,0,0,0,0,1,1,0,1,1,1,1,1
38,15,3,4,3,2,1,2,1,3,0,4,3,2,1,1,5,2,11,12,12,1,0,0,1,0,1,1,1,0,1,1,1,0,1
39,15,2,2,1,5,3,2,1,1,0,4,3,1,1,1,2,8,14,13,12,1,0,0,1,0,1,1,1,0,0,1,1,0,1
40,16,2,2,5,5,2,2,2,2,0,3,3,3,1,2,3,16,11,11,10,1,0,1,1,1,0,1,1,0,1,0,1,1,1
41,15,4,4,4,5,2,3,1,1,0,5,4,3,2,4,5,8,10,11,11,0,1,1,1,1,0,1,0,0,1,0,1,1,1
42,15,4,4,3,4,1,1,1,2,0,4,3,3,1,1,5,0,14,15,15,0,1,0,1,1,0,1,1,0,1,1,1,0,1
43,15,2,2,3,3,1,1,1,1,0,5,4,1,1,1,1,0,9,10,10,0,1,0,1,1,1,1,0,0,1,1,1,0,1
44,16,2,2,5,1,1,1,2,2,1,4,3,3,2,2,5,14,10,11,11,1,0,1,1,1,1,0,1,0,1,1,1,0,1
45,15,4,3,5,5,1,2,1,2,0,5,2,2,1,1,5,4,10,11,11,1,0,1,0,1,1,1,1,1,1,1,1,1,1
46,16,3,3,5,3,2,2,1,2,0,2,3,5,1,4,3,6,13,12,13,1,0,1,0,1,0,1,0,0,1,1,1,0,1
47,16,4,3,2,3,3,2,1,4,0,4,2,2,1,1,2,2,17,17,17,0,1,0,1,1,0,0,1,0,1,1,1,0,1
48,15,4,2,4,5,2,2,1,2,0,4,3,3,2,2,5,4,11,12,13,0,1,0,1,1,0,1,0,0,0,1,1,0,1
49,15,4,4,3,4,4,1,1,2,0,4,4,4,1,1,3,2,13,12,12,1,0,0,1,1,1,1,1,0,1,0,1,0,1
50,16,2,2,3,3,1,2,3,2,0,4,3,3,2,3,4,0,14,13,13,1,0,1,1,1,0,1,0,0,1,1,1,0,1
51,15,4,2,2,5,4,2,1,2,0,4,3,3,1,1,5,0,16,14,16,1,0,1,1,1,0,1,0,0,1,1,1,0,1
52,15,4,2,2,2,4,1,2,1,0,5,5,5,3,4,5,4,10,9,9,0,1,1,0,1,0,0,0,0,0,1,1,0,1
53,15,4,4,3,3,1,2,1,1,0,3,3,4,2,3,5,0,13,12,12,1,0,0,1,1,1,1,0,0,1,1,1,0,1
54,15,3,3,5,5,4,2,1,1,0,5,3,4,4,4,1,0,13,12,13,1,0,1,0,1,0,0,0,0,1,1,1,0,1
55,16,2,1,5,5,4,2,1,2,0,5,3,4,1,1,2,2,12,13,12,1,0,0,0,1,0,0,1,0,1,1,1,1,1
56,15,4,3,3,3,3,2,1,2,0,4,3,2,1,1,1,0,15,14,15,1,0,0,0,1,0,1,1,0,1,1,1,0,1
57,15,4,4,4,2,3,2,1,2,0,3,2,2,1,1,5,8,15,15,16,0,1,0,1,1,0,1,1,0,0,1,1,0,1
58,15,1,2,5,1,2,1,1,2,0,4,3,2,1,1,5,0,14,13,14,0,1,1,1,1,1,1,1,0,1,1,1,0,1
59,16,4,2,3,5,1,2,1,2,0,4,2,3,1,1,5,2,16,15,16,1,0,0,1,1,0,1,0,1,1,1,1,0,1
60,16,4,4,2,4,4,2,1,2,0,2,4,4,2,3,4,0,17,16,16,1,0,0,1,0,0,1,1,0,0,1,1,0,1
61,16,1,1,3,3,1,1,4,1,0,5,5,5,5,5,5,0,10,10,16,1,0,0,1,1,1,1,1,0,1,0,1,1,1
62,16,1,2,5,3,3,1,1,2,0,4,4,3,1,1,1,0,13,13,10,1,0,1,1,1,1,0,1,0,1,1,1,0,1
63,16,4,3,4,2,2,2,1,3,0,3,4,4,2,4,4,0,14,13,13,1,0,0,1,1,1,1,1,0,1,1,1,0,1
64,15,4,3,3,3,3,1,1,2,0,4,4,4,2,4,2,0,13,12,12,1,0,1,1,1,1,0,1,0,1,1,1,1,1
65,16,4,3,4,3,1,2,3,2,0,5,4,3,1,2,1,2,16,15,16,1,0,1,1,1,0,1,1,0,1,1,1,0,1
66,15,4,4,5,3,3,2,1,4,0,1,3,3,5,5,3,0,11,12,12,0,1,0,0,1,0,1,1,0,1,0,1,1,1
67,16,3,1,3,5,1,2,1,4,0,4,3,3,1,2,5,0,10,9,10,1,0,0,1,1,1,1,0,0,1,1,1,0,1
68,15,2,2,2,3,3,2,2,2,0,4,1,3,1,3,4,0,11,10,11,1,0,1,1,0,1,1,0,0,1,1,1,0,1
69,15,3,1,5,5,3,1,2,4,0,4,4,2,2,3,3,6,15,15,15,1,0,1,1,0,0,1,0,0,1,0,1,0,1
70,16,3,1,5,5,3,1,2,4,0,4,3,2,1,1,5,2,13,11,11,0,1,0,1,1,0,1,0,0,1,1,1,0,1
71,15,4,2,5,5,1,2,1,4,0,3,3,3,1,1,3,0,11,9,10,0,1,0,1,1,0,0,0,0,1,1,1,0,1
72,15,1,1,5,5,3,2,1,2,0,3,3,4,2,4,5,2,13,11,11,1,0,0,1,0,1,1,0,0,1,0,1,1,1
73,16,3,1,5,5,3,2,1,1,0,5,3,2,2,2,5,0,13,13,14,0,1,0,1,1,0,0,1,0,0,1,1,0,1
74,16,3,3,5,3,2,2,1,2,0,4,3,3,2,4,5,4,11,11,11,1,0,0,1,1,1,1,1,0,1,1,1,0,1
75,15,4,3,4,5,2,2,1,2,0,4,3,3,2,3,5,0,11,11,11,0,1,0,1,1,0,1,1,0,1,1,1,0,1
76,15,4,0,4,5,1,2,2,4,0,3,4,3,1,1,1,0,12,11,11,0,1,0,1,1,0,0,1,0,1,1,1,0,1
77,16,2,2,5,5,3,2,1,4,0,5,2,3,1,3,3,1,13,13,13,1,0,0,1,1,0,0,0,0,1,1,1,1,1
78,17,2,1,5,5,2,2,2,1,3,4,5,1,1,1,3,0,9,9,10,0,1,0,1,1,1,1,1,0,1,1,0,0,1
79,16,3,4,1,5,1,2,1,2,0,2,4,3,1,2,3,14,12,11,11,1,0,0,1,1,0,1,0,0,1,1,1,0,1
80,15,2,3,5,3,1,1,1,1,0,3,2,2,1,3,3,0,11,11,12,0,1,0,1,1,1,1,1,0,1,0,1,1,1
81,15,2,3,5,5,2,2,1,3,0,5,3,2,1,2,5,2,10,9,9,0,1,0,1,1,1,0,0,0,1,0,1,0,1
82,15,3,2,3,5,3,2,1,2,0,4,4,4,1,1,5,4,12,11,11,1,0,1,1,1,0,1,0,0,1,1,1,0,1
83,15,2,2,3,3,2,2,2,2,0,5,3,3,1,3,4,2,13,12,13,0,1,1,1,1,0,0,1,1,1,1,1,0,1
84,15,1,1,5,5,2,1,1,2,0,4,3,2,2,3,4,2,13,12,12,1,0,0,1,1,0,1,1,0,1,0,1,0,1
85,15,4,4,3,3,3,1,2,2,0,4,4,4,2,3,5,4,12,11,12,1,0,0,1,1,0,0,0,0,1,1,1,1,1
86,16,2,2,1,5,1,2,1,2,0,4,3,4,1,2,2,6,13,11,11,1,0,1,1,1,0,1,0,0,0,1,1,0,1
87,15,4,2,5,5,3,2,1,3,0,5,3,3,1,3,1,4,15,15,15,1,0,0,1,1,0,1,1,0,1,1,1,0,1
88,16,2,2,3,5,3,1,2,2,0,4,4,2,1,1,3,6,12,10,11,0,1,0,1,1,0,0,1,0,1,0,1,0,1
89,16,4,4,4,2,3,2,1,2,0,4,1,3,3,5,5,6,9,9,10,0,1,1,0,1,0,1,0,0,0,1,1,0,1
90,16,3,3,5,5,2,2,1,3,0,4,3,3,1,3,4,2,9,11,11,1,0,0,1,1,0,1,0,0,1,1,1,1,1
91,15,4,3,3,5,3,2,1,1,0,4,5,5,1,3,1,6,14,13,13,1,0,0,1,1,0,0,1,0,1,1,1,0,1
92,16,3,1,5,5,2,1,1,2,0,3,3,3,2,3,2,0,12,13,12,1,0,1,1,1,1,1,0,0,0,1,1,0,1
93,16,4,2,4,3,2,2,2,2,0,5,3,3,1,1,1,2,13,14,14,1,0,0,1,1,0,1,1,0,1,1,1,0,1
94,15,2,2,3,2,3,2,1,4,0,4,3,4,1,1,4,2,11,12,12,0,1,1,1,1,0,1,1,0,1,1,1,0,1
95,15,1,1,1,5,2,2,2,4,0,3,1,2,1,1,1,4,13,13,13,1,0,0,1,0,1,1,1,1,1,1,1,0,1
96,16,4,3,3,5,3,2,2,1,0,3,3,3,1,1,4,6,9,11,11,0,1,0,1,0,1,1,1,1,1,0,1,0,1
97,16,2,1,5,5,1,2,1,2,0,4,3,5,1,1,5,0,13,12,12,1,0,0,1,1,0,1,0,0,0,1,1,1,1
98,16,4,4,5,5,3,2,1,1,0,5,3,4,1,2,1,4,12,13,13,1,0,0,1,1,0,0,1,0,1,0,1,0,1
99,16,4,3,5,1,1,2,1,3,0,5,3,5,1,1,3,2,12,13,13,1,0,0,1,1,1,1,0,0,1,1,1,0,1
100,16,4,4,3,3,4,2,1,1,0,4,5,5,5,5,4,12,9,9,8,0,1,0,1,1,1,1,1,0,1,1,1,0,1
101,16,4,4,3,4,4,1,1,3,0,4,4,3,1,1,4,0,16,16,16,0,1,0,1,1,0,1,1,0,1,1,1,1,1
102,15,4,4,3,5,1,2,1,1,0,5,3,3,1,1,5,2,12,13,12,0,1,0,1,1,0,1,1,1,1,0,1,0,1
103,15,3,2,3,5,2,2,2,2,0,4,3,5,1,1,2,16,11,10,10,1,0,0,1,1,1,1,0,0,1,1,1,0,1
104,15,3,4,3,5,1,2,1,2,0,5,4,4,1,1,1,0,16,16,16,0,1,0,0,1,0,1,1,0,1,1,1,0,1
105,15,3,3,5,2,3,1,1,4,0,4,3,3,1,1,4,10,10,10,10,1,0,0,0,1,1,0,0,0,0,1,1,0,1
106,15,2,2,5,5,1,2,1,4,0,5,1,2,1,1,3,4,10,10,10,1,0,0,1,1,1,1,0,0,1,1,1,0,1
107,16,3,3,3,5,2,1,1,3,0,5,3,3,1,1,5,4,13,14,14,0,1,0,1,1,0,1,1,0,1,1,1,0,1
108,15,4,4,5,5,2,1,4,4,0,1,3,5,3,5,1,8,12,10,11,0,1,0,1,0,0,1,1,0,1,1,1,1,1
109,16,4,4,2,2,4,2,1,3,0,5,4,5,1,1,4,2,15,15,14,1,0,1,1,1,0,1,1,0,1,1,1,1,1
110,15,4,4,4,4,1,2,1,1,0,5,5,3,1,1,4,4,13,14,14,0,1,1,0,1,0,0,1,0,1,1,1,0,1
111,16,3,3,3,5,3,1,1,3,0,4,1,2,1,1,2,4,11,11,11,1,0,0,1,0,1,1,1,0,1,1,1,0,1
112,16,2,2,1,5,2,2,1,2,1,3,1,2,1,1,5,12,8,10,10,1,0,0,1,1,1,0,1,0,1,1,1,0,1
113,15,4,2,4,5,1,2,1,1,0,3,5,2,1,1,3,10,18,17,18,0,1,1,1,1,0,0,0,0,1,1,1,0,1
114,15,2,1,2,3,3,2,1,2,0,5,4,2,1,1,5,4,10,9,10,0,1,0,1,0,0,0,1,0,1,1,1,1,1
115,16,4,4,4,4,1,1,1,2,0,5,4,4,1,2,5,6,16,14,14,0,1,0,1,1,0,1,1,0,1,1,1,0,1
116,15,4,4,5,4,3,1,2,2,0,4,4,3,1,1,2,4,16,15,16,0,1,0,1,1,0,1,1,0,0,1,1,0,1
117,16,3,3,5,3,2,1,2,1,0,5,4,2,1,1,5,6,14,14,15,0,1,0,1,1,0,0,1,0,1,1,1,0,1
118,17,1,3,5,5,1,1,3,2,1,5,2,4,1,4,5,14,12,11,11,0,1,0,1,0,0,1,1,0,1,1,1,0,1
119,15,3,4,5,5,3,1,1,1,0,3,4,3,1,2,4,2,14,13,14,0,1,0,1,1,0,0,0,0,1,1,1,0,1
120,15,1,2,1,3,1,2,1,2,0,3,2,3,1,2,1,0,14,14,14,1,0,0,1,1,0,0,0,0,1,0,1,0,1
121,15,2,2,3,3,2,1,1,4,0,5,5,4,1,2,5,6,14,13,13,0,1,0,1,1,0,1,1,0,1,1,1,0,1
122,16,2,4,5,2,1,1,2,2,0,4,2,2,1,2,5,2,14,12,13,1,0,1,1,1,0,1,1,0,1,1,1,1,1
123,16,4,4,2,5,1,2,1,1,0,3,4,4,1,4,5,4,12,13,13,0,1,0,1,1,0,1,1,0,1,1,1,0,1
124,16,2,2,5,5,2,2,1,2,0,5,4,4,1,1,5,0,12,11,11,1,0,0,1,1,0,0,0,0,1,1,1,1,1
125,15,3,4,3,3,2,1,1,1,0,5,5,5,3,2,5,2,9,9,9,0,1,0,1,1,1,0,0,0,1,1,1,0,1
126,15,3,4,5,5,2,2,1,2,0,5,3,2,1,1,1,0,10,11,11,1,0,1,0,1,1,0,1,0,1,1,1,1,1
127,19,0,1,1,5,1,3,1,2,2,3,4,2,1,1,5,0,9,10,11,1,0,0,1,1,0,1,0,0,0,0,0,0,1
128,16,4,4,4,4,1,2,1,1,0,3,5,5,2,5,4,8,14,14,15,0,1,0,1,0,0,0,1,0,1,1,1,0,1
129,16,2,3,5,5,1,2,2,3,0,3,2,3,2,2,1,4,13,12,13,0,1,0,1,1,0,1,0,0,1,0,1,1,1
130,15,3,4,3,4,1,1,2,3,0,4,2,2,2,2,5,0,10,11,12,1,0,0,1,0,0,1,0,0,1,1,1,1,1
131,18,2,1,3,5,3,2,1,2,3,5,4,5,1,3,5,10,10,9,8,1,0,0,1,1,0,1,1,0,1,1,0,1,1
132,17,2,1,5,5,1,2,3,1,0,3,2,2,1,2,5,8,11,10,11,1,0,1,0,1,0,1,0,0,1,1,1,0,1
133,15,1,1,1,5,1,2,3,1,0,4,3,3,1,2,4,6,11,12,13,1,0,0,1,1,0,1,1,0,1,0,1,1,1
134,17,2,2,5,5,1,1,1,1,0,3,4,4,1,3,5,2,13,12,12,1,0,1,1,1,0,1,0,0,1,1,1,1,1
135,16,3,4,3,5,1,1,1,1,0,3,2,1,1,4,5,12,15,13,14,1,0,0,0,1,0,0,0,0,1,1,1,0,1
136,16,2,1,1,5,1,2,4,1,0,3,2,1,1,1,2,4,9,9,11,0,1,0,1,1,0,0,0,0,0,1,1,0,1
137,16,2,2,5,5,2,2,1,1,1,5,3,4,1,1,5,12,13,11,11,1,0,0,0,1,0,0,0,0,0,1,1,0,1
138,15,3,4,1,4,1,2,4,2,0,5,3,3,1,1,5,2,12,11,11,0,1,0,1,0,0,1,0,0,0,1,1,1,1
139,15,4,4,3,1,1,2,1,3,0,4,3,3,1,1,5,4,13,14,15,1,0,0,1,1,0,1,1,0,1,1,1,1,1
140,17,3,4,1,5,1,2,3,2,0,5,4,5,2,4,5,2,10,9,10,0,1,0,1,0,0,0,0,0,0,1,1,0,1
141,16,1,1,1,5,1,2,4,2,0,5,1,3,1,1,3,0,14,13,13,1,0,0,1,0,0,1,0,0,0,1,1,0,1
142,18,3,1,3,3,1,2,2,1,0,3,3,4,4,5,4,2,11,11,12,0,1,1,1,1,0,0,1,0,1,1,1,1,1
143,18,3,2,5,3,1,3,1,3,0,4,3,3,5,1,5,10,12,11,11,1,0,0,0,1,0,1,1,0,1,0,1,1,1
144,16,1,1,5,3,3,2,2,1,0,3,3,3,1,2,1,8,12,11,11,1,0,0,1,0,0,1,1,0,0,1,1,1,1
145,16,3,3,5,5,1,3,2,1,0,4,3,2,1,1,5,4,9,9,10,1,0,0,0,1,0,1,1,0,1,0,1,1,1
146,16,1,1,3,5,1,2,1,2,2,4,4,4,1,3,5,0,10,10,10,0,1,1,1,1,0,0,0,0,0,1,1,1,1
147,15,4,4,4,4,1,2,2,1,0,4,3,2,1,1,5,6,13,14,14,1,0,0,1,1,0,0,1,0,1,1,1,0,1
148,15,1,1,5,5,1,2,3,1,1,5,5,5,1,1,1,2,8,9,9,1,0,0,1,0,0,0,1,0,1,1,1,1,1
149,15,4,3,4,3,1,1,2,4,0,2,2,2,1,1,3,6,9,11,11,0,1,0,1,1,1,1,0,0,1,1,1,0,1
150,15,3,3,3,3,2,2,1,2,0,1,3,2,2,3,1,24,9,8,9,1,0,0,0,1,0,0,0,0,0,0,1,1,1
151,16,4,4,3,3,1,2,1,3,0,5,3,3,1,3,5,0,15,13,13,0,1,0,1,1,0,1,1,0,1,1,1,0,1
152,16,2,2,3,3,3,1,2,1,0,2,3,3,2,2,2,4,12,11,11,0,1,1,1,1,0,1,1,0,1,1,1,0,1
153,15,4,4,4,3,1,2,1,3,0,4,2,2,1,1,5,2,13,13,13,1,0,0,1,1,0,1,1,0,1,1,1,0,1
154,16,1,1,1,1,1,2,1,1,0,3,4,4,3,3,1,4,10,11,11,1,0,1,1,1,0,0,0,0,1,1,1,0,1
155,17,2,1,5,5,2,2,1,1,0,5,4,5,1,2,5,22,9,7,6,0,1,0,1,1,0,1,0,0,1,1,1,0,1
156,15,1,1,5,3,1,1,1,2,0,4,4,2,1,2,5,0,12,12,12,1,0,0,1,1,0,1,0,0,1,1,1,0,1
157,15,2,1,1,5,2,2,2,1,0,4,4,2,1,1,5,0,11,10,10,1,0,1,0,1,0,1,1,0,1,1,0,1,1
158,15,3,2,2,3,2,1,1,2,1,3,3,2,1,1,3,2,11,11,11,1,0,0,1,1,0,1,0,0,1,1,1,0,1
159,15,1,2,1,5,1,2,1,2,0,4,3,2,1,1,5,6,13,12,13,1,0,0,1,1,0,1,0,0,1,0,1,0,1
160,15,1,2,1,3,1,1,1,2,0,2,3,4,2,4,1,6,11,11,11,1,0,0,1,1,0,0,0,0,0,0,1,1,1
161,16,4,4,4,4,1,2,1,1,0,3,3,2,2,1,5,16,9,9,8,0,1,0,1,1,0,1,0,0,1,1,0,1,1
162,15,2,1,3,5,1,2,4,1,0,4,5,5,2,5,5,0,12,11,11,0,1,1,0,1,0,0,0,0,1,1,1,0,1
164,16,2,1,1,5,1,2,1,1,1,4,4,4,3,5,5,6,9,10,10,0,1,1,1,1,0,0,1,0,0,1,1,1,1
165,15,3,3,3,3,3,3,2,3,0,4,2,1,2,3,3,2,13,13,13,1,0,0,1,0,0,1,1,1,1,1,1,1,1
166,19,3,2,3,1,2,2,1,1,0,4,5,4,1,1,4,6,11,9,11,0,1,0,1,1,0,1,0,0,1,1,0,1,1
167,17,4,4,5,4,1,2,1,1,0,4,2,1,1,1,4,0,13,13,13,1,0,0,1,1,1,1,0,0,0,1,1,1,1
168,15,2,3,1,3,1,2,1,2,0,4,4,4,1,1,1,0,7,8,8,0,1,0,1,0,1,0,1,1,0,1,1,0,1
169,17,1,2,5,5,3,2,1,1,3,2,2,2,3,3,5,14,9,8,10,0,1,1,1,0,0,0,0,0,0,1,1,0,1
170,18,1,1,1,5,1,2,3,1,3,5,2,5,1,5,4,6,11,10,11,1,0,0,1,0,0,1,1,0,0,0,1,0,1
171,16,2,2,1,5,1,2,3,1,0,4,2,2,1,2,3,4,12,10,11,0,1,0,1,0,0,0,0,0,0,0,1,0,1
172,16,3,3,5,3,1,1,1,2,1,4,5,5,4,4,5,0,10,10,1,0,1,0,1,1,0,1,0,0,1,1,1,1,1
173,16,1,2,2,3,1,2,2,1,2,4,4,5,3,5,5,0,9,8,10,0,1,1,1,1,0,0,0,0,1,0,1,0,1
174,17,2,1,1,5,1,2,2,1,1,3,3,2,2,2,5,8,8,8,9,0,1,1,1,0,0,0,1,1,1,1,0,1,1
175,17,3,2,5,5,1,2,2,2,2,4,4,4,1,4,3,4,7,6,8,0,1,0,1,0,1,1,0,0,1,1,1,1,1
176,15,1,2,5,5,1,2,2,1,0,4,4,4,2,4,5,2,8,9,10,0,1,1,1,1,0,0,1,0,0,1,1,0,1
177,16,1,3,1,3,1,1,1,1,1,5,3,3,1,4,2,2,9,8,8,0,1,0,1,1,0,0,0,0,1,1,0,0,1
178,17,1,1,5,3,1,2,4,2,0,5,3,5,1,5,5,0,8,8,8,0,1,1,1,0,0,0,1,0,0,1,0,1,1
179,17,3,2,3,3,1,2,2,1,3,4,5,2,1,1,2,10,8,7,8,0,1,0,1,1,0,1,1,0,0,0,0,0,1
180,16,2,2,5,5,1,1,1,2,0,4,3,5,2,4,4,0,9,10,11,0,1,0,1,1,0,0,0,0,1,1,0,0,1
181,16,4,2,2,3,2,1,1,2,0,4,2,3,1,1,3,0,17,17,18,1,0,0,1,1,0,0,0,0,1,1,1,1,1
182,16,2,2,5,5,2,2,1,2,0,5,1,5,1,1,4,0,12,12,13,1,0,0,1,1,0,1,0,0,1,0,1,0,1
183,16,4,4,2,2,3,2,1,2,0,4,4,2,1,1,3,0,16,16,17,1,0,0,1,1,0,1,0,0,1,1,1,1,1
184,16,3,4,5,5,1,1,3,1,1,3,4,5,2,4,2,4,9,9,10,0,1,0,1,1,0,1,1,0,1,0,1,0,1
185,16,1,0,5,5,3,2,2,2,0,4,3,2,1,1,3,0,16,17,18,0,1,0,1,1,0,1,1,0,1,1,1,1,1
186,17,4,4,4,5,3,2,1,2,0,4,4,4,1,3,5,0,11,9,10,0,1,1,1,1,0,1,1,0,1,1,1,0,1
187,16,1,3,1,3,2,2,1,2,0,4,3,5,1,1,3,0,14,13,13,1,0,0,1,1,0,0,1,0,1,0,1,1,1
188,16,3,3,5,5,3,2,2,2,0,4,4,5,1,1,4,0,14,14,15,1,0,1,1,1,0,1,1,0,1,1,1,0,1
189,17,4,3,4,5,1,2,2,2,0,4,4,4,4,4,4,0,10,11,11,0,1,1,1,1,0,0,1,0,1,1,1,0,1
190,16,2,2,3,5,3,2,2,2,0,3,4,4,1,4,5,0,13,12,14,1,0,0,1,1,0,0,1,0,1,0,1,0,1
191,17,3,3,5,5,3,1,1,2,0,4,3,4,1,4,4,4,11,9,10,0,1,0,1,1,0,0,1,0,1,0,1,0,1
192,16,4,2,4,3,4,2,1,1,0,4,3,3,3,4,3,8,10,9,11,0,1,0,1,0,0,1,1,0,1,1,1,1,1
193,17,4,3,5,5,1,2,1,2,0,5,2,3,1,1,2,4,11,11,13,0,1,0,1,1,0,1,1,1,1,1,1,1,1
194,16,4,3,4,5,2,2,1,2,0,3,4,3,2,3,3,4,11,10,11,0,1,0,1,1,0,1,1,1,1,1,1,0,1
195,16,3,3,3,5,2,2,1,2,0,4,2,3,1,2,3,0,11,12,13,0,1,0,1,1,0,0,1,0,1,1,1,1,1
196,17,2,4,3,3,3,1,1,2,0,5,4,2,2,3,5,0,17,18,17,1,0,0,1,1,0,1,1,0,0,1,1,0,1
197,17,3,3,5,5,3,2,1,2,0,5,3,3,2,3,1,32,14,13,14,1,0,1,1,1,0,1,1,0,1,1,1,1,1
198,16,3,2,5,5,3,2,1,2,0,1,2,2,1,2,1,8,14,15,16,1,0,0,1,1,0,1,0,0,1,1,1,0,1
199,17,3,3,3,3,4,2,1,2,0,4,3,4,2,3,4,6,11,13,14,0,1,0,1,1,0,1,1,0,1,1,1,1,1
200,16,1,2,3,3,4,2,1,1,0,3,3,3,1,2,3,0,10,9,11,0,1,0,1,1,0,1,1,0,1,1,1,1,1
201,16,2,1,5,5,1,2,1,2,0,4,2,3,1,2,5,0,13,14,16,0,1,1,1,1,0,0,1,0,1,1,1,1,1
202,17,3,3,2,5,3,2,1,2,0,3,3,3,1,3,3,10,12,13,14,1,0,0,0,1,0,1,0,0,1,0,1,1,1
203,17,1,2,1,5,2,2,1,2,0,3,1,3,1,5,3,6,9,9,10,0,1,0,1,0,0,0,0,0,0,1,1,0,1
204,16,2,3,3,3,1,2,1,2,0,4,3,3,1,1,2,6,12,12,13,1,0,0,1,1,0,0,0,0,1,1,1,0,1
205,17,1,1,1,3,1,2,1,2,0,5,3,3,1,1,3,0,12,11,12,1,0,0,1,1,0,0,1,0,1,1,1,0,1
206,17,1,2,1,3,4,3,2,2,0,4,4,4,4,5,5,16,10,11,12,0,1,0,1,1,0,0,1,0,1,0,1,0,1
207,16,3,3,3,3,3,2,1,1,0,4,3,2,3,4,5,0,11,10,10,0,1,0,1,0,0,1,1,0,1,1,1,0,1
208,16,2,3,5,5,2,1,2,1,0,5,3,3,1,1,3,0,13,12,12,0,1,0,1,1,0,0,0,0,1,1,1,0,1
209,17,2,4,3,3,1,1,1,2,0,4,3,2,1,1,5,8,14,15,16,1,0,1,1,1,0,0,1,0,1,1,1,1,1
210,17,4,4,3,4,2,2,1,1,0,5,2,3,1,2,5,4,13,13,14,0,1,0,1,1,0,0,0,0,1,1,1,0,1
211,16,3,3,4,5,2,1,3,1,0,3,3,4,3,5,3,16,10,11,12,0,1,1,1,0,0,1,1,0,1,1,1,0,1
212,17,4,4,3,4,2,2,2,1,1,4,2,4,2,3,2,30,14,15,16,1,0,0,1,1,0,1,0,0,1,1,1,0,1
213,16,4,4,4,4,3,2,1,2,0,4,5,2,1,2,3,0,11,10,11,1,0,1,1,1,0,1,0,0,1,1,1,0,1
214,16,4,3,2,5,2,2,1,2,0,4,3,5,1,5,2,2,14,14,15,1,0,0,1,1,0,1,1,0,1,1,1,0,1
215,16,2,3,5,5,3,2,1,2,0,4,4,3,1,3,4,4,11,12,12,1,0,0,1,1,1,1,1,0,0,1,1,0,1
216,17,1,1,5,5,1,2,1,2,0,4,4,4,1,3,1,0,14,15,15,1,0,0,1,1,0,1,0,0,0,0,1,0,1
217,17,2,2,5,5,3,2,1,1,0,5,3,2,1,2,3,21,13,13,13,1,0,0,1,0,0,1,0,0,1,1,1,0,1
218,16,2,2,3,3,3,2,2,4,0,5,3,5,1,1,5,6,13,13,13,1,0,0,1,0,0,1,1,0,1,0,1,0,1
219,17,3,4,1,3,2,2,1,3,1,4,4,3,3,4,5,14,8,9,8,1,0,0,1,1,0,1,0,1,1,1,1,1,1
220,16,3,1,3,5,1,2,1,2,0,2,3,3,2,2,4,2,11,11,12,1,0,0,0,1,0,1,0,0,1,1,1,0,1
221,16,4,3,4,5,4,2,1,2,0,1,3,2,1,1,1,4,14,15,15,1,0,0,1,1,0,0,1,0,1,1,1,1,1
222,16,1,1,1,5,2,2,2,1,0,4,3,2,1,4,5,2,12,13,13,1,0,0,1,1,0,1,0,0,0,1,1,0,1
223,17,4,3,4,5,3,2,2,3,0,4,4,2,1,1,4,0,11,12,12,1,0,0,1,0,0,1,1,0,1,1,1,1,1
224,19,3,3,5,5,3,3,1,4,0,4,3,3,1,2,3,4,12,12,12,1,0,0,1,1,0,1,1,0,1,1,1,0,1
225,17,4,4,3,5,2,2,1,2,0,5,3,5,4,5,3,15,13,12,12,0,1,1,1,1,0,1,0,0,1,1,1,1,1
226,16,2,2,5,5,3,2,1,2,0,3,3,4,1,1,4,0,13,13,13,1,0,0,0,1,1,1,0,0,1,1,1,0,1
227,18,2,2,3,5,2,2,1,2,0,4,4,4,2,4,5,10,12,11,11,0,1,0,1,1,0,1,1,0,1,1,1,0,1
228,17,4,4,3,5,4,2,1,1,0,5,2,1,1,2,3,6,12,11,11,1,0,1,1,0,0,1,0,0,0,1,1,0,1
229,17,3,2,5,5,3,2,2,2,0,4,4,4,1,3,1,2,14,16,15,1,0,1,1,1,0,0,0,0,1,1,1,0,1
230,17,4,3,5,5,3,2,1,2,0,3,4,5,2,4,1,16,11,9,10,1,0,0,1,1,0,0,0,0,1,1,1,1,1
231,18,3,3,3,2,2,1,1,2,0,3,2,4,2,4,4,10,10,10,10,0,1,1,1,1,0,1,0,0,1,1,1,0,1
232,17,2,3,1,5,2,1,2,1,0,3,3,3,1,4,3,4,12,13,13,1,0,0,1,1,0,1,0,0,0,1,1,0,1
233,17,2,2,1,1,1,2,1,3,0,4,3,3,1,1,4,0,12,12,13,1,0,0,1,1,0,1,1,0,1,1,1,0,1
234,17,2,1,1,3,3,2,2,2,0,4,2,5,1,2,5,0,11,10,11,1,0,0,1,0,0,1,1,0,1,1,1,0,1
235,17,1,1,1,5,3,2,1,3,0,4,3,4,1,1,5,12,12,12,12,1,0,0,1,1,0,1,1,0,0,1,1,1,1
236,16,2,3,3,4,4,2,1,2,0,2,3,1,1,1,3,0,13,13,14,1,0,0,1,1,1,0,0,0,1,1,1,0,1
237,18,2,2,5,5,2,2,2,2,3,3,3,3,5,5,4,9,10,9,10,0,1,0,1,1,0,1,0,1,1,1,1,0,1
238,16,4,4,4,3,2,2,1,3,0,5,3,2,1,1,5,4,15,16,16,1,0,0,1,1,0,1,1,0,1,0,1,0,1
239,18,3,1,5,5,3,2,1,2,0,5,3,3,1,1,4,4,8,8,8,1,0,0,1,0,0,0,1,0,1,1,1,1,1
240,17,3,2,5,5,1,2,1,2,0,5,3,4,1,3,3,2,17,18,17,1,0,0,1,1,0,0,1,0,1,0,1,0,1
241,17,2,3,3,3,3,1,1,2,0,5,3,3,1,3,3,0,10,11,11,0,1,1,1,1,0,1,0,0,1,0,1,0,1
242,18,2,1,1,5,1,2,4,2,0,4,3,2,4,5,3,2,9,10,11,0,1,1,1,1,1,1,1,0,1,1,1,1,1
243,17,2,1,5,5,1,2,2,3,0,3,2,3,1,2,3,0,15,15,16,1,0,0,0,1,0,0,1,0,1,1,1,1,1
244,17,4,3,2,5,3,1,1,2,0,3,2,3,1,2,3,0,14,12,12,1,0,1,1,1,0,0,1,0,1,1,1,1,1
245,17,2,2,5,5,1,1,2,2,0,4,5,2,1,1,1,0,12,13,13,0,1,0,1,0,0,1,1,0,1,1,1,0,1
246,17,4,4,4,4,3,2,1,2,0,4,5,5,1,3,2,0,13,13,13,0,1,0,1,1,1,1,1,0,1,1,1,1,1
247,16,4,4,2,5,3,1,1,2,0,4,2,4,2,4,1,0,13,13,14,0,1,0,1,1,0,1,1,0,1,1,1,0,1
248,16,1,1,5,5,2,2,2,2,0,3,4,2,1,1,5,2,9,9,9,0,1,1,1,1,0,1,0,0,1,1,1,0,1
249,16,3,2,1,5,3,2,2,3,0,5,3,3,1,3,2,0,12,12,12,0,1,0,1,1,0,0,1,0,1,1,1,1,1
250,17,2,2,5,5,2,1,1,2,0,4,4,2,5,5,4,0,16,16,16,0,1,1,1,1,0,0,1,0,1,0,1,1,1
251,16,2,1,5,5,2,2,1,1,0,4,5,2,1,1,5,4,9,10,10,1,0,0,1,1,0,0,0,0,1,1,1,1,1
252,16,4,1,5,5,2,2,1,2,0,5,3,3,1,2,5,0,14,13,13,1,0,0,0,1,0,0,1,0,1,1,1,1,1
253,18,2,4,3,5,1,2,2,2,1,4,3,3,1,1,3,18,10,10,10,1,0,1,0,1,0,1,0,0,1,1,1,0,1
254,18,2,2,1,3,1,2,1,2,1,5,3,1,1,1,5,16,9,8,10,1,0,1,1,1,0,1,0,0,1,0,1,1,1
255,18,3,3,5,5,1,2,2,1,1,4,1,1,1,1,3,14,8,7,7,1,0,0,1,1,0,0,0,0,1,1,0,0,1
256,18,2,2,5,1,1,3,1,1,1,4,4,3,2,2,1,26,7,8,8,0,1,0,1,1,0,1,1,0,1,0,0,1,1
257,17,4,4,4,4,1,2,1,1,0,4,2,1,1,2,5,6,10,8,9,0,1,0,1,1,0,1,1,0,1,0,1,0,1
258,17,3,2,5,5,1,1,1,2,0,5,4,2,1,1,3,4,14,14,15,1,0,0,1,1,0,0,1,0,0,1,1,0,1
259,17,1,1,1,1,1,2,1,3,0,4,3,2,1,2,4,10,11,10,10,1,0,1,1,1,0,1,1,0,1,1,1,1,1
260,16,1,2,5,5,1,2,1,1,0,5,3,5,1,2,5,4,12,11,11,1,0,0,1,1,0,0,0,0,1,1,0,0,1
261,17,2,1,1,3,1,2,3,2,0,2,1,1,1,1,3,2,13,13,13,1,0,0,1,0,0,0,1,0,0,1,1,0,1
262,17,1,4,5,5,1,3,4,1,1,5,5,4,1,1,5,14,9,9,8,1,0,1,0,0,0,1,0,0,1,1,1,0,1
263,18,2,2,5,3,3,1,1,2,0,5,5,4,3,5,2,16,8,7,8,0,1,0,1,1,0,0,0,0,1,1,0,0,1
264,17,2,2,5,5,2,2,1,1,1,3,1,2,1,1,1,8,11,9,10,1,0,1,0,1,0,1,0,0,1,0,0,0,1
265,17,1,1,1,5,1,2,2,3,0,4,3,3,1,3,5,4,15,14,15,1,0,1,1,0,0,0,1,0,1,1,1,0,1
266,17,4,2,4,5,1,2,1,2,0,4,3,2,1,1,4,4,15,14,14,1,0,1,0,1,0,1,1,0,0,1,1,0,1
267,17,4,3,2,5,1,2,2,2,0,2,5,5,1,4,5,8,15,15,15,0,1,1,1,1,0,0,1,0,1,1,1,1,1
268,17,4,4,4,5,1,2,2,2,0,3,3,3,2,3,4,0,12,12,12,0,1,1,0,0,0,1,0,0,1,1,1,0,1
269,16,4,3,4,5,1,2,1,1,0,5,4,5,1,1,3,7,14,14,15,0,1,1,1,1,0,0,1,0,1,0,1,0,1
270,16,4,4,3,3,1,2,1,1,0,5,3,2,1,2,5,4,14,15,15,0,1,0,1,1,0,0,1,1,1,1,1,0,1
271,17,4,4,4,3,1,2,1,2,0,5,3,1,1,4,5,2,11,11,12,1,0,0,1,1,0,1,0,1,1,1,1,1,1
272,17,1,1,5,5,2,1,2,3,0,4,3,3,1,1,1,2,13,14,15,0,1,0,1,0,0,0,0,0,1,0,1,1,1
273,17,3,3,3,5,2,2,2,3,0,4,2,2,2,3,5,10,11,11,11,1,0,0,1,1,0,1,0,0,1,1,1,1,1
274,17,1,1,1,5,1,2,1,2,0,4,3,2,1,1,4,10,10,9,10,1,0,0,1,1,1,0,0,0,0,0,1,1,1
275,18,2,1,5,5,1,3,2,3,0,4,4,4,1,1,3,10,12,10,11,1,0,0,1,1,0,1,0,0,1,0,1,1,1
276,16,2,1,5,5,1,2,3,1,0,4,3,3,1,1,4,7,15,16,16,0,1,0,1,1,0,0,0,0,1,1,1,0,1
277,17,1,1,5,3,1,1,1,2,0,4,3,4,1,2,5,4,11,10,11,1,0,0,1,1,0,1,0,0,0,1,1,0,1
278,17,2,3,5,5,1,1,2,1,0,5,2,2,1,1,2,2,9,12,13,0,1,0,1,1,0,0,0,0,1,1,1,0,1
279,22,3,1,3,3,4,2,1,1,3,5,4,5,5,5,1,12,7,8,5,0,1,0,1,1,0,0,0,0,1,0,0,1,1
280,18,3,3,5,3,1,2,1,2,0,4,3,3,1,3,5,8,10,9,10,0,1,1,1,0,0,1,0,0,1,1,1,1,1
281,16,0,2,5,5,4,2,1,1,0,4,3,2,2,4,5,0,11,12,11,0,1,0,1,1,0,0,0,0,1,0,1,0,1
282,18,3,2,3,5,1,2,2,1,0,4,4,5,2,4,5,8,7,8,7,0,1,0,1,1,0,0,0,0,1,1,0,0,1
283,16,3,3,1,5,3,3,3,2,1,5,3,3,1,3,2,4,9,11,10,0,1,0,1,1,1,1,0,0,1,0,1,0,1
284,18,2,1,3,3,4,2,1,1,2,3,2,5,2,5,5,4,7,8,6,0,1,0,1,1,0,0,0,0,1,0,0,0,1
285,16,2,1,5,5,1,2,2,1,0,3,3,2,1,3,3,2,14,13,12,0,1,0,1,0,0,0,1,0,0,0,1,0,1
286,17,2,1,5,5,1,2,1,1,0,4,4,2,2,4,5,0,12,12,13,0,1,0,1,0,0,0,0,0,1,0,1,0,1
287,17,1,1,2,5,1,2,2,1,1,4,4,4,1,2,5,0,9,10,10,0,1,1,1,1,0,1,1,0,1,1,1,0,1
288,18,2,1,5,5,1,2,1,2,0,4,3,4,1,3,5,2,12,12,13,1,0,1,0,1,0,1,0,0,1,0,1,1,1
289,17,4,2,4,3,3,2,1,4,0,4,2,3,1,1,4,2,14,15,17,1,0,1,1,1,0,1,1,0,1,1,1,0,1
290,19,2,2,3,3,2,2,1,2,0,4,3,3,1,1,5,0,10,10,11,1,0,0,1,1,0,1,0,0,1,1,1,0,1
291,18,2,1,3,5,1,2,3,2,1,4,4,5,4,4,5,4,11,10,11,0,1,1,1,1,0,0,1,0,1,0,0,0,1
292,17,4,2,5,5,1,2,1,3,0,4,3,4,1,3,5,2,11,12,14,1,0,0,1,0,0,1,1,0,1,1,1,0,1
293,18,1,1,5,1,2,2,1,3,0,4,4,3,2,3,3,4,11,12,14,1,0,1,1,1,0,1,0,0,0,0,1,0,1
294,18,2,2,5,5,2,2,1,2,0,3,2,3,1,1,5,4,11,11,13,1,0,0,1,0,1,0,0,0,0,1,1,0,1
295,19,4,3,3,1,3,2,1,2,0,4,3,1,1,1,1,4,11,13,14,0,1,1,0,1,0,1,0,0,1,1,1,0,1
296,18,2,1,5,5,2,2,1,2,0,5,2,4,1,2,4,2,16,16,16,0,1,0,1,1,0,0,1,0,1,1,1,0,1
297,17,2,2,5,3,4,2,2,1,0,5,2,2,1,1,4,0,9,10,10,0,1,0,1,0,0,0,0,0,0,0,0,0,1
298,17,2,2,3,3,1,1,1,4,0,3,4,1,1,1,2,2,10,11,12,1,0,1,1,1,0,0,1,0,1,1,1,1,1
299,20,2,1,5,5,1,3,2,2,0,1,2,3,1,2,2,8,10,12,12,1,0,0,1,0,0,1,1,1,1,1,0,1,1
300,18,4,3,3,5,2,1,1,2,0,3,1,2,1,3,2,2,15,15,15,1,0,0,1,1,0,1,0,0,1,1,1,1,1
301,18,4,3,4,5,1,2,1,2,0,4,3,2,1,1,3,2,10,10,11,0,1,0,1,1,0,1,0,0,1,0,1,0,1
302,18,3,2,5,5,1,2,1,3,0,5,3,2,1,1,3,2,10,11,12,0,1,0,1,0,0,0,1,0,0,0,1,0,1
303,17,3,3,5,5,2,2,1,3,0,3,2,3,1,1,4,2,15,12,13,1,0,0,1,1,0,0,1,0,0,0,1,0,1
304,18,2,2,1,3,2,2,1,3,0,4,3,3,1,1,3,0,11,12,13,1,0,0,1,1,0,1,1,0,1,1,1,1,1
305,17,2,2,5,5,2,1,2,1,0,4,4,4,2,3,4,8,8,8,9,0,1,0,1,1,0,0,0,0,1,1,0,0,1
306,18,3,4,5,5,3,2,2,2,0,4,2,5,3,4,1,6,15,16,16,0,1,1,0,0,0,1,1,0,1,1,1,0,1
307,17,3,1,3,5,4,2,1,2,0,5,4,4,3,4,5,0,11,11,14,0,1,0,1,1,0,0,1,0,1,1,1,1,1
308,18,4,4,4,5,3,2,2,2,0,4,3,4,2,2,4,8,10,11,12,1,0,0,1,0,0,0,1,0,1,1,1,0,1
309,18,4,2,2,5,3,1,1,2,0,5,4,5,1,3,5,4,10,12,14,0,1,0,1,1,0,1,1,0,1,1,1,1,1
310,18,2,1,5,5,3,2,2,2,0,4,3,5,1,2,3,12,8,9,10,1,0,0,1,0,0,1,0,0,1,1,0,1,1
311,19,3,3,5,3,2,3,1,2,0,4,3,5,3,3,5,16,11,12,12,1,0,0,1,1,0,1,1,0,1,1,1,0,1
312,18,2,3,5,3,3,1,1,4,0,4,5,5,1,3,2,10,16,16,16,1,0,0,1,1,0,1,1,0,1,1,1,1,1
313,18,1,1,5,5,2,2,2,2,0,4,4,3,1,1,3,2,13,13,13,1,0,1,1,1,0,1,0,0,0,0,1,0,1
314,17,1,2,1,1,2,2,1,2,0,3,5,2,2,2,1,2,16,17,18,0,1,0,1,0,0,1,1,0,0,0,1,1,1
315,18,2,1,5,5,2,2,1,2,0,4,2,5,1,2,1,8,14,14,15,1,0,0,1,1,0,1,0,0,1,1,1,1,1
316,17,2,4,1,2,3,2,2,2,0,4,3,3,1,1,1,6,15,16,16,1,0,0,1,1,0,1,0,0,1,1,1,1,1
317,17,2,2,3,5,1,2,2,2,0,4,4,4,2,3,5,6,12,12,12,1,0,1,1,1,1,1,0,0,1,1,1,1,1
318,18,3,2,5,3,2,2,2,2,0,4,1,1,1,1,5,15,12,9,10,1,0,0,0,0,0,0,0,0,1,0,0,1,1
319,18,4,4,4,3,2,2,2,1,0,3,2,4,1,4,3,6,11,12,12,0,1,0,1,1,0,0,1,0,1,1,1,0,1
320,18,4,4,2,2,3,1,1,2,1,2,4,4,1,1,4,2,14,12,13,1,0,0,1,1,1,1,1,0,1,1,1,1,1
321,17,2,2,5,3,3,1,3,3,0,4,2,3,1,1,1,8,13,15,15,1,0,0,1,1,0,1,0,0,1,1,1,1,1
322,19,3,2,3,3,3,1,1,2,1,3,3,3,4,3,3,0,9,8,10,1,0,0,1,0,1,1,0,0,1,1,0,0,1
323,18,4,3,4,3,1,2,2,1,0,4,2,3,1,2,1,0,10,10,10,0,1,1,1,1,0,0,1,0,1,1,1,0,1
324,18,1,2,1,5,2,3,2,1,0,3,4,4,2,4,4,10,10,10,11,0,1,0,1,1,0,0,0,0,1,0,0,0,1
325,17,4,1,3,5,2,2,2,1,0,4,5,4,2,4,5,22,11,11,10,0,1,1,0,1,0,0,1,0,1,1,1,1,1
326,17,3,2,4,3,2,2,1,1,0,4,4,4,3,4,3,18,13,13,13,0,1,1,0,1,0,0,0,0,1,1,1,0,1
327,18,1,1,1,5,3,2,2,4,0,5,2,2,1,1,3,2,17,17,18,1,0,1,1,0,0,1,1,0,0,1,1,0,1
328,18,1,1,5,5,2,2,2,2,0,5,4,4,1,1,4,0,12,13,13,1,0,0,1,1,1,0,1,0,1,1,1,0,1
329,17,2,2,5,5,1,2,1,2,0,5,4,5,1,2,5,12,12,12,14,1,0,0,1,1,0,1,0,0,1,0,1,0,1
330,18,2,1,5,5,3,2,2,2,0,4,3,1,1,1,5,10,12,13,14,1,0,0,1,1,0,0,1,0,1,1,1,1,1
331,17,1,1,5,5,3,1,1,2,0,4,3,3,1,2,4,0,12,12,12,0,1,0,1,1,0,0,0,0,1,0,1,0,1
332,18,2,2,1,1,4,2,1,3,0,4,3,3,1,2,2,0,18,18,18,1,0,0,1,1,0,1,0,0,1,1,1,0,1
333,17,1,1,3,4,3,2,1,3,0,4,3,3,1,1,3,0,13,13,14,1,0,0,1,1,0,1,0,0,1,1,1,0,1
334,18,2,1,3,3,3,2,1,3,0,4,2,4,1,3,2,0,14,15,15,0,1,0,1,1,0,0,1,0,1,1,1,0,1
335,18,4,4,4,4,3,2,1,2,0,5,4,3,1,1,2,0,17,17,17,0,1,1,0,1,0,1,1,0,1,1,1,0,1
336,18,4,2,4,5,2,2,1,2,0,4,3,2,1,4,5,2,15,16,16,0,1,0,1,1,0,1,1,0,1,1,1,1,1
337,17,4,3,2,3,3,2,1,3,0,4,2,2,1,2,3,0,17,18,18,1,0,0,1,1,0,1,0,0,1,1,1,0,1
338,17,3,1,3,5,3,2,2,4,0,3,1,2,1,1,3,0,18,19,19,1,0,1,1,0,0,1,0,0,0,1,1,0,1
339,18,3,2,3,5,3,2,2,3,0,5,4,2,1,1,4,0,14,15,15,0,1,1,1,0,0,1,1,0,1,1,1,0,1
340,17,3,3,2,5,2,2,1,1,0,4,4,3,1,3,5,0,14,15,15,0,1,0,1,1,0,1,0,0,1,1,1,0,1
341,19,4,4,2,5,3,3,2,2,0,2,3,4,2,3,2,2,14,13,13,1,0,0,1,1,0,1,1,0,1,1,1,0,1
342,18,4,3,5,5,2,3,2,2,0,4,4,5,1,2,2,0,13,14,14,1,0,1,1,1,0,1,0,0,1,1,1,1,1
343,18,4,3,5,5,3,1,1,4,0,4,3,3,1,1,3,0,16,17,17,1,0,0,1,1,0,1,0,0,1,1,1,0,1
344,18,4,4,4,4,2,2,1,1,0,1,4,2,2,2,1,0,18,18,17,0,1,1,1,1,0,1,0,0,1,1,1,1,1
345,18,4,4,2,5,2,2,1,2,0,4,2,4,1,1,4,0,14,15,15,1,0,1,0,1,0,1,0,1,1,1,1,1,1
346,17,4,4,5,4,2,1,2,1,0,4,1,1,2,2,5,0,12,13,13,0,1,1,1,1,0,0,0,0,1,1,1,0,1
347,17,4,4,3,3,3,2,2,3,0,5,3,4,1,1,5,0,7,7,8,1,0,0,1,0,0,1,1,0,1,1,1,0,1
348,17,4,2,5,5,3,2,2,3,0,4,3,3,1,1,3,0,16,16,16,1,0,0,1,1,0,1,0,0,1,1,1,0,1
349,17,3,2,2,2,3,1,1,4,0,5,2,2,1,2,5,0,18,18,18,1,0,0,1,1,0,1,1,0,1,0,1,0,1
350,19,2,1,1,3,1,2,2,3,1,4,3,1,1,1,5,0,9,10,11,0,1,1,1,0,0,0,1,0,1,1,1,1,1
351,20,3,2,3,5,1,3,1,1,2,5,5,3,1,1,5,0,14,15,15,0,1,0,0,1,0,0,1,0,0,1,1,0,1
352,19,3,3,5,3,3,1,1,2,0,4,5,3,1,2,5,0,10,10,11,0,1,0,1,0,0,0,1,0,0,1,1,1,1
353,18,1,4,5,4,2,2,1,2,0,3,4,4,1,2,5,2,10,10,11,1,0,0,1,1,1,1,0,0,0,0,1,1,1
354,18,2,1,3,5,1,2,2,2,0,5,3,3,1,2,1,2,12,12,15,1,0,0,1,1,0,1,1,0,1,1,1,0,1
355,17,2,3,5,5,1,1,2,2,0,4,2,1,1,1,3,2,11,12,14,1,0,0,1,1,0,0,1,0,1,1,1,1,1
356,17,4,4,4,4,1,2,1,1,0,4,4,4,1,1,5,2,15,16,17,1,0,0,1,0,0,0,1,0,1,1,1,0,1
357,18,4,3,5,5,1,2,1,3,0,4,3,4,1,1,5,2,14,15,17,1,0,0,1,1,0,1,1,0,1,1,1,1,1
358,18,4,3,2,3,1,2,2,1,0,3,2,4,1,4,1,8,12,12,15,1,0,1,1,1,0,1,0,0,1,1,1,0,1
359,17,3,4,1,3,1,1,1,3,0,4,3,4,2,5,5,2,15,15,17,1,0,0,1,0,0,1,1,0,1,0,1,0,1
360,18,3,3,1,5,1,1,1,2,0,4,1,4,1,1,3,8,11,12,14,1,0,0,1,1,0,1,0,0,1,1,1,0,1
361,19,4,2,2,5,1,2,2,2,0,5,4,4,1,1,1,9,11,10,10,0,1,0,1,1,0,1,1,0,1,1,1,1,1
362,18,4,4,4,5,1,2,1,2,0,4,4,4,3,3,5,0,12,11,13,1,0,0,1,1,0,1,0,0,1,1,1,0,1
363,18,3,4,5,5,1,2,1,1,0,5,4,4,1,1,1,4,11,12,14,1,0,0,1,1,0,1,1,0,1,1,1,1,1
364,17,4,4,2,2,1,2,1,1,0,5,3,4,1,2,5,2,14,15,17,1,0,0,1,1,0,0,1,0,1,1,1,0,1
365,17,4,3,3,3,1,2,1,2,0,5,2,2,1,2,5,14,15,14,17,1,0,0,0,1,0,1,0,0,1,1,1,1,1
366,17,3,3,3,5,2,2,1,2,0,5,3,3,1,1,5,0,12,12,13,1,0,1,0,1,1,1,0,0,1,1,1,0,1
367,17,2,1,5,5,2,1,1,2,0,4,2,3,2,2,2,2,11,12,14,1,0,1,1,1,0,0,1,0,1,1,1,0,1
368,18,4,4,5,5,3,1,1,1,0,4,2,5,3,4,5,2,8,9,11,0,1,1,1,1,0,1,0,0,1,1,1,0,1
369,19,1,1,5,5,1,3,3,3,0,1,5,5,4,3,5,12,10,10,11,1,0,0,1,1,0,0,1,0,0,1,0,1,1
370,19,1,1,5,5,1,3,3,2,2,5,3,4,1,1,4,2,8,8,9,1,0,1,0,1,0,1,0,0,1,0,1,1,1
371,18,2,2,5,5,1,2,1,1,0,4,3,5,2,4,5,2,10,10,10,1,0,0,1,1,0,1,1,0,1,1,1,1,1
372,17,2,2,5,5,1,2,1,2,0,4,2,2,1,1,3,4,14,13,13,1,0,0,1,1,0,1,0,0,0,1,1,1,1
373,17,2,2,3,3,1,2,1,3,0,3,3,2,2,2,3,0,11,11,10,1,0,1,1,0,0,1,1,0,1,1,1,0,1
374,17,3,1,3,3,1,1,1,3,0,3,4,3,2,3,5,0,17,18,17,1,0,0,1,1,0,1,0,0,1,0,1,0,1
375,17,0,2,1,1,2,1,2,3,0,3,3,3,2,3,2,0,14,14,15,1,0,1,1,1,0,0,0,0,1,1,1,0,1
376,18,1,1,5,5,2,2,2,3,0,4,5,5,1,2,2,0,14,14,14,1,0,0,1,1,0,0,1,0,1,1,1,0,1
377,18,4,4,5,5,1,2,1,3,0,4,3,3,2,2,3,0,13,14,13,0,1,0,1,1,0,0,1,0,1,1,1,0,1
378,17,3,3,5,3,3,2,1,1,0,4,3,5,3,5,5,0,17,18,17,0,1,0,1,1,0,0,1,0,1,0,1,0,1
379,17,2,2,3,5,1,2,4,1,0,4,4,5,5,5,4,2,11,10,10,0,1,0,1,0,0,1,0,0,1,1,1,0,1
380,17,4,4,4,3,1,2,1,3,0,5,4,4,1,3,4,0,13,12,13,1,0,0,1,1,0,1,1,0,1,1,1,0,1
381,17,4,4,4,4,1,2,2,3,0,4,3,3,1,2,4,4,15,14,15,1,0,0,1,1,0,1,0,0,1,0,1,1,1
382,17,3,3,1,5,1,2,1,1,0,4,2,5,2,5,5,2,11,12,11,1,0,0,1,1,0,1,1,1,1,1,1,0,1
383,18,2,2,5,5,1,2,1,4,0,4,5,5,2,4,5,0,11,11,12,0,1,1,1,1,0,1,1,1,1,1,1,0,1
384,19,3,2,1,3,2,3,1,1,0,5,3,4,2,2,5,0,11,10,10,0,1,0,1,0,0,1,0,0,0,0,1,1,1
385,18,2,2,1,5,1,2,4,2,0,4,2,5,1,1,2,2,10,9,10,1,0,0,1,1,0,0,1,0,0,1,1,1,1
386,17,2,4,1,5,1,1,1,3,0,4,4,3,1,1,5,0,15,15,15,1,0,0,1,0,0,1,0,0,1,1,1,1,1
387,18,2,2,5,5,3,2,1,1,0,5,4,2,1,2,5,6,15,14,15,0,1,0,1,1,0,0,0,0,1,0,1,0,1
388,18,3,3,3,3,2,2,1,2,0,5,3,4,1,1,4,8,10,11,12,1,0,0,1,1,0,0,1,0,1,1,1,0,1
389,18,2,2,5,5,2,3,1,2,0,4,3,3,1,1,2,0,10,9,12,1,0,1,1,1,0,0,1,0,1,0,1,1,1
390,18,2,2,1,5,1,2,2,4,0,4,4,4,1,1,4,6,14,13,14,1,0,0,1,0,0,0,1,0,0,1,1,0,1
391,17,3,4,3,5,1,2,1,3,0,4,4,5,1,3,5,8,11,13,14,1,0,0,1,1,0,0,0,0,1,1,1,0,1
392,17,3,2,5,5,2,2,1,2,0,4,3,2,2,3,2,0,12,13,15,1,0,0,1,1,0,1,0,0,1,1,1,1,1
393,18,3,3,3,3,2,2,1,4,0,5,3,3,1,1,1,4,14,14,15,1,0,1,1,1,0,1,0,0,1,1,1,0,1
394,17,3,2,5,5,2,2,1,2,0,4,3,3,2,3,2,0,14,14,16,1,0,0,0,0,0,1,0,0,1,1,1,0,1
395,18,4,4,4,3,2,1,1,2,0,4,3,3,2,2,2,0,12,12,13,0,1,0,1,1,0,1,1,0,1,1,1,0,1
396,18,3,4,3,5,2,2,1,2,0,4,3,3,1,3,5,6,16,16,17,0,1,1,1,1,0,0,1,0,1,1,1,1,1
397,17,2,2,1,1,2,1,1,2,0,3,3,1,1,2,4,18,10,12,14,1,0,0,0,1,0,1,0,0,1,1,1,1,1
398,18,2,3,1,5,1,2,1,3,0,4,3,3,1,2,3,0,11,12,14,1,0,0,1,1,0,1,0,0,1,1,1,0,1
399,18,3,2,5,3,4,2,1,3,0,5,4,3,2,3,1,4,14,16,17,1,0,0,1,1,0,0,0,0,1,1,1,1,1
400,18,4,3,4,3,1,2,1,3,0,5,3,2,1,2,4,4,15,14,17,0,1,0,1,0,0,0,0,0,1,1,1,1,1
401,18,4,3,4,5,1,2,1,3,0,5,4,5,2,3,5,0,14,13,14,0,1,0,1,1,0,1,0,0,1,1,1,1,1
402,17,4,3,2,5,3,2,1,3,0,4,4,3,1,3,4,0,11,12,13,1,0,0,1,1,0,1,1,0,1,1,1,1,1
403,17,2,1,3,5,1,2,2,2,0,4,3,4,2,2,1,10,12,15,15,1,0,0,1,1,0,1,1,0,1,1,1,1,1
404,17,2,1,3,5,3,2,1,2,0,4,3,5,2,4,4,4,12,16,16,1,0,0,1,1,0,1,1,0,1,1,1,0,1
405,19,2,3,1,5,2,3,2,1,1,2,2,3,3,4,5,16,10,11,11,1,0,1,0,1,0,0,0,0,1,1,0,0,1
406,17,3,1,5,1,2,2,1,1,1,4,1,2,1,1,3,6,10,13,13,1,0,0,1,1,0,1,0,1,1,1,1,1,1
407,21,4,4,5,5,3,3,1,3,2,3,3,2,1,1,5,0,9,12,12,1,0,1,1,1,0,0,1,1,1,1,1,0,1
408,18,2,2,3,3,3,2,1,2,0,4,4,4,1,3,3,11,9,11,12,0,1,1,1,1,0,1,1,0,1,0,0,0,1
409,18,3,4,5,5,3,3,1,2,0,4,3,5,1,4,2,9,13,14,15,0,1,1,0,1,0,0,1,0,1,1,1,1,1
410,17,2,2,3,3,3,2,1,2,0,4,3,4,1,3,4,0,13,17,17,1,0,0,1,1,0,1,1,0,1,1,1,0,1
411,17,4,4,2,5,3,2,1,3,0,4,4,2,1,2,4,2,12,15,15,0,1,1,0,1,0,1,0,0,1,1,1,0,1
412,18,4,2,4,5,1,2,1,2,0,4,2,2,1,1,3,0,14,17,17,1,0,1,1,1,0,1,1,0,1,1,1,0,1
413,21,1,1,1,5,1,3,2,2,2,5,3,3,5,2,4,21,9,10,10,0,1,1,1,0,0,1,1,0,1,1,0,1,1
414,20,1,1,5,5,3,3,2,3,0,3,2,2,1,3,3,8,11,15,15,1,0,0,1,0,0,0,0,0,1,1,1,1,1
415,19,4,4,4,5,2,3,1,1,1,3,2,5,4,4,5,5,9,10,11,1,0,0,1,1,0,1,0,0,1,1,1,1,1
416,17,3,2,5,5,3,2,1,2,0,4,4,4,1,2,5,10,16,18,18,0,1,1,0,1,0,1,0,0,1,1,1,0,1
417,18,3,2,1,5,3,1,1,3,0,4,3,4,1,2,2,5,14,17,17,1,0,0,1,1,0,1,0,0,1,1,1,1,1
418,18,2,3,5,3,3,1,1,1,0,3,1,3,4,5,4,13,13,14,14,0,1,0,1,0,0,0,0,0,1,1,1,0,1
419,19,2,1,5,5,3,2,1,1,0,5,3,4,1,4,4,10,7,11,11,0,1,0,1,1,0,0,0,0,1,1,1,0,1
420,18,2,2,3,5,3,2,2,2,0,4,1,4,1,3,4,10,14,17,17,1,0,1,0,1,0,1,0,0,1,1,1,0,1
421,20,1,0,5,5,3,2,2,1,1,5,3,1,1,1,5,5,8,10,10,1,0,0,1,1,1,0,0,0,1,1,1,1,1
422,18,3,2,3,5,2,2,1,2,0,3,1,2,1,2,1,4,10,13,13,1,0,0,1,1,0,1,1,0,1,0,1,1,1
423,16,1,3,1,5,4,1,2,1,0,4,3,3,1,3,5,11,10,11,11,1,0,0,1,1,0,1,0,0,1,1,0,1,0
424,16,2,2,5,5,1,2,2,2,0,4,4,4,1,1,5,0,12,12,12,1,0,0,1,0,0,1,1,0,1,1,1,0,0
425,15,1,1,1,3,4,2,1,1,1,4,1,3,1,1,2,6,10,10,10,1,0,0,1,0,0,1,0,0,0,1,1,1,0
426,15,3,3,1,5,1,2,2,1,0,5,4,4,2,3,5,4,10,10,11,1,0,0,1,0,0,1,0,0,1,1,1,0,0
427,16,2,3,1,3,1,2,2,2,0,4,5,2,1,2,5,0,16,17,17,1,0,0,1,0,0,0,0,0,0,1,1,0,0
428,15,2,1,1,5,2,2,2,1,0,1,3,4,1,1,1,0,6,8,9,1,0,1,1,0,0,0,0,0,0,1,0,0,0
429,16,4,4,1,5,2,2,1,2,0,5,3,2,1,3,2,5,10,11,11,0,1,1,0,0,0,1,0,0,0,1,1,0,0
430,16,1,2,5,5,4,2,1,3,0,4,4,3,1,1,5,0,10,11,11,0,1,0,0,1,1,0,0,0,1,1,1,0,0
431,17,3,2,1,5,1,1,1,2,1,4,5,4,1,2,5,0,10,10,10,1,0,0,1,0,0,0,0,0,0,1,1,1,0
432,17,1,1,5,5,4,1,1,1,1,5,4,4,2,2,5,0,6,6,7,1,0,0,1,0,0,1,0,0,1,0,0,0,0
433,15,4,4,4,5,1,2,2,1,0,1,5,1,3,5,5,0,13,14,14,1,0,0,1,0,0,0,0,0,1,1,1,1,0
434,16,2,2,1,5,3,2,2,4,0,1,2,1,1,1,1,4,10,9,11,1,0,1,0,1,0,0,1,0,0,0,0,1,0
435,15,1,1,1,3,3,1,2,2,0,5,4,3,1,2,4,0,10,10,10,1,0,1,1,0,0,1,0,0,1,1,1,0,0
436,15,1,1,5,3,1,2,2,1,1,4,4,3,1,2,2,4,6,7,8,1,0,1,1,0,0,1,0,0,1,1,1,1,0
437,16,0,2,5,5,4,2,2,1,0,3,2,3,1,2,2,0,12,11,12,1,0,0,1,0,0,1,1,0,0,1,1,0,0
438,17,2,3,5,5,1,2,2,1,0,5,5,5,1,3,3,2,10,11,12,1,0,0,1,0,0,1,0,0,1,1,1,0,0
439,15,3,3,5,3,1,1,2,1,0,4,1,3,1,1,4,0,14,16,16,1,0,0,1,0,0,0,0,0,1,0,1,0,0
441,17,1,1,5,5,2,2,1,2,0,4,4,3,2,4,5,4,8,9,9,0,1,0,1,1,0,0,0,1,1,0,1,0,0
442,15,4,1,2,3,3,1,1,2,0,5,3,4,1,2,2,0,12,13,14,0,1,1,1,0,0,1,1,0,1,1,1,0,0
443,15,4,1,2,3,3,1,1,2,0,5,3,4,1,2,2,7,7,9,8,0,1,1,1,0,0,1,1,0,1,1,1,0,0
444,16,3,4,5,2,4,2,3,2,0,3,4,5,1,2,5,4,9,10,11,0,1,0,1,0,0,0,0,0,0,0,1,0,0
445,15,1,1,5,5,1,2,4,2,0,5,4,5,2,4,4,8,7,9,9,0,1,0,1,0,0,1,1,0,0,1,1,1,0
446,15,3,3,1,1,3,1,1,2,0,5,3,3,1,1,5,0,11,11,11,0,1,1,1,1,0,1,1,0,1,1,1,0,0
447,17,2,1,5,5,4,2,3,1,0,5,5,5,5,5,3,8,8,10,9,0,1,0,1,0,0,0,1,0,0,1,0,1,0
448,16,4,4,4,4,1,2,2,3,0,4,2,2,1,1,4,6,16,16,17,1,0,0,1,0,0,0,1,0,1,1,1,1,0
449,15,1,2,5,3,1,2,2,1,0,5,1,2,1,1,1,3,11,13,13,1,0,0,1,0,0,0,0,0,0,1,1,0,0
450,16,2,3,5,3,1,2,3,2,0,4,5,4,1,2,1,2,15,15,15,1,0,0,1,0,0,1,0,0,1,1,1,0,0
451,16,1,2,5,5,1,1,2,2,0,4,3,3,1,1,5,0,10,11,11,0,1,0,1,0,0,0,0,0,0,1,1,0,0
452,16,2,2,5,5,1,2,3,2,0,4,4,5,1,1,4,4,9,10,11,1,0,0,1,0,0,1,0,0,1,1,1,0,0
453,16,1,2,5,3,1,2,1,3,1,1,3,2,1,2,4,0,10,8,8,1,0,0,1,1,0,1,0,0,0,1,1,0,0
454,16,1,2,5,3,1,2,1,3,1,1,3,2,1,2,4,3,9,8,8,1,0,0,1,1,0,1,0,0,0,1,1,0,0
455,15,2,1,1,5,2,2,1,2,0,4,4,2,3,3,2,0,9,10,9,1,0,0,1,1,1,1,0,0,1,0,1,0,0
456,16,1,1,1,5,1,1,1,2,0,5,4,3,2,1,2,0,13,14,15,1,0,0,1,1,0,1,0,0,0,0,1,1,0
457,17,1,2,1,3,3,2,1,1,0,5,5,5,5,5,3,4,10,11,11,0,1,1,1,0,0,1,1,0,1,1,1,0,0
458,16,1,1,5,5,2,1,4,4,0,4,3,2,1,1,1,0,13,10,13,1,0,0,1,0,0,1,0,0,1,0,1,0,0
459,16,1,1,1,5,4,1,4,3,0,4,4,3,1,1,5,2,10,9,10,1,0,0,1,0,1,1,0,0,0,1,1,0,0
460,15,1,1,1,5,2,1,2,2,0,4,3,3,1,1,2,1,11,10,11,1,0,0,1,0,0,1,1,0,1,1,1,0,0
461,16,1,1,1,5,4,2,2,1,0,4,2,2,4,3,2,0,13,12,14,1,0,0,1,0,0,0,1,0,1,1,1,1,0
462,15,1,1,1,1,1,1,3,2,0,4,2,1,1,2,2,0,13,14,14,1,0,0,1,0,0,1,0,0,0,1,1,0,0
463,15,2,2,5,5,4,1,1,3,0,4,4,3,2,2,5,2,14,11,12,1,0,1,1,0,1,1,0,0,0,1,1,0,0
464,16,1,1,1,5,4,1,2,1,0,3,4,4,3,4,5,6,11,11,11,0,1,0,1,0,0,0,1,0,0,1,1,0,0
465,18,1,2,5,5,1,1,1,2,1,3,4,4,2,3,5,9,9,8,8,1,0,0,1,1,0,1,1,0,1,1,1,1,0
466,15,3,1,5,3,2,2,2,1,0,3,2,3,1,3,4,0,10,9,11,0,1,0,1,1,0,1,0,0,0,1,1,0,0
467,16,2,2,5,3,1,1,3,2,0,5,3,4,1,1,2,1,14,13,14,1,0,0,1,0,0,1,1,0,1,1,1,0,0
468,15,2,2,2,5,3,2,3,1,0,4,3,3,1,2,4,1,13,12,13,0,1,0,1,1,0,0,0,0,0,1,1,0,0
469,16,4,4,5,4,1,1,1,2,0,4,3,1,1,1,3,0,13,12,13,0,1,0,1,1,0,1,1,0,0,1,1,1,0
470,15,3,3,3,5,3,2,1,2,0,4,5,4,1,1,1,4,13,12,12,1,0,0,1,0,0,1,0,0,1,1,1,1,0
471,16,2,2,1,5,1,2,2,2,1,4,4,4,2,3,5,2,12,11,12,1,0,0,1,0,0,1,1,0,0,0,1,0,0
472,16,2,2,5,5,2,1,3,1,0,4,3,2,1,1,4,0,14,14,16,1,0,1,1,0,0,1,1,0,0,1,1,1,0
473,16,2,1,1,3,1,2,2,1,0,2,4,3,2,3,4,4,10,8,10,0,1,1,1,1,0,1,1,0,1,1,1,0,0
474,15,1,3,1,5,3,1,3,1,0,4,2,4,3,5,3,2,10,11,11,0,1,1,1,0,0,1,1,0,1,1,1,0,0
475,15,2,2,5,3,1,2,2,3,0,5,3,2,1,1,4,0,12,13,14,1,0,0,1,1,0,1,1,0,0,1,1,0,0
476,16,2,1,5,5,2,2,1,1,0,5,4,3,1,1,5,2,10,8,8,1,0,1,1,0,0,1,0,0,1,1,1,1,0
477,15,3,3,3,3,1,1,2,1,0,4,3,3,2,4,3,11,12,10,11,0,1,0,1,1,0,1,1,0,1,0,1,0,0
478,16,1,1,1,5,1,1,2,2,3,3,4,3,1,1,1,0,7,7,8,1,0,0,1,0,1,1,0,0,0,1,1,0,0
479,17,2,2,5,1,1,2,1,1,0,4,5,3,1,1,5,4,9,9,10,1,0,0,1,1,0,1,1,0,0,1,0,0,0
480,19,2,3,1,3,1,3,1,1,1,4,4,4,1,1,2,0,9,9,10,1,0,0,1,1,0,0,0,0,1,1,0,1,0
481,17,2,1,1,5,1,2,3,1,0,5,5,3,1,1,3,2,9,10,11,1,0,0,1,0,0,1,1,0,0,1,0,1,0
482,15,1,1,1,5,1,2,2,1,0,5,2,1,1,3,4,0,9,10,9,1,0,1,1,0,0,1,0,0,0,1,0,1,0
483,16,2,2,5,5,1,1,3,2,0,3,4,5,1,2,1,1,9,10,11,1,0,0,1,0,0,1,0,0,1,1,0,0,0
484,16,2,2,5,5,2,2,1,1,0,4,3,4,1,2,1,6,7,7,8,1,0,1,0,1,0,1,0,0,0,1,0,0,0
485,17,2,2,1,5,1,2,2,2,0,4,3,5,1,2,4,0,11,10,11,1,0,0,1,0,0,1,0,0,1,1,1,0,0
486,16,2,2,5,3,1,1,1,1,1,4,4,3,1,4,3,1,9,10,10,1,0,0,1,1,0,1,1,1,1,0,1,0,0
487,18,3,2,5,5,1,3,2,3,2,3,3,2,1,1,2,6,7,9,10,1,0,1,0,0,0,1,0,0,0,0,0,1,0
488,19,1,1,1,3,1,2,1,3,1,5,3,1,1,1,3,6,7,9,9,1,0,0,1,1,0,0,1,0,0,1,0,1,0
489,18,1,1,5,5,2,2,2,1,1,4,4,3,3,4,4,0,8,9,10,0,1,0,1,0,0,0,1,0,1,1,0,0,0
490,18,1,1,1,1,1,2,2,1,1,3,2,3,1,1,2,4,9,11,10,1,0,0,1,0,0,0,0,0,1,0,0,1,0
491,19,1,1,5,5,1,3,2,2,1,1,1,4,4,1,1,12,7,8,9,1,0,0,1,1,0,1,0,0,1,1,1,1,0
492,16,2,2,2,5,1,2,1,2,0,3,3,2,1,1,3,2,8,10,10,1,0,0,0,0,0,0,0,0,0,0,1,1,0
493,17,0,1,5,1,1,1,2,1,0,2,4,4,3,5,5,5,9,9,10,1,0,0,1,1,0,0,1,0,0,0,1,0,0
494,16,1,2,1,5,1,2,1,2,0,4,4,5,1,3,3,0,8,9,9,1,0,1,1,0,0,0,1,0,1,1,0,0,0
495,16,3,3,5,5,3,2,1,1,0,4,5,4,1,1,4,0,14,13,13,1,0,0,1,1,0,0,1,0,1,1,0,1,0
496,16,1,1,3,3,2,2,1,1,0,4,4,4,2,2,4,2,14,14,14,1,0,1,1,0,0,1,1,0,1,1,1,1,0
497,17,3,3,3,1,1,2,2,4,1,5,4,5,3,4,5,0,10,11,10,0,1,0,1,1,0,1,1,1,0,1,1,0,0
498,16,2,1,5,3,1,2,1,2,0,5,3,3,1,1,1,0,14,13,14,1,0,0,1,1,0,1,1,0,1,1,1,0,0
499,16,2,2,3,5,1,2,1,1,0,4,2,5,1,2,5,0,17,16,16,1,0,0,1,1,0,1,1,1,0,1,1,1,0
500,17,1,2,5,5,1,1,1,1,1,5,3,5,5,5,1,12,6,7,7,0,1,0,1,1,0,1,1,0,1,1,0,1,0
501,16,4,3,5,5,1,1,1,1,0,4,2,5,1,5,5,8,14,12,13,0,1,1,1,1,0,0,1,0,1,1,1,0,0
502,17,2,2,3,3,4,2,3,4,1,1,3,5,3,5,3,2,10,8,9,0,1,1,1,0,0,1,0,0,0,1,1,0,0
503,16,1,1,5,5,1,3,1,4,0,2,2,1,1,1,5,0,14,14,14,1,0,0,1,1,1,1,1,0,1,1,1,0,0
504,19,2,2,5,5,2,2,1,3,0,5,4,5,1,1,1,0,12,13,13,1,0,1,1,1,0,0,0,0,1,1,1,1,0
505,17,1,1,1,5,3,2,2,1,0,4,4,5,1,2,5,0,11,11,11,1,0,0,1,0,0,1,1,0,1,0,1,1,0
506,20,3,3,1,3,4,2,2,2,1,3,3,4,2,4,3,8,11,9,10,1,0,0,1,1,0,0,1,0,1,1,1,1,0
507,17,1,1,5,3,1,1,1,3,0,4,3,3,1,1,3,0,11,11,10,1,0,1,1,1,0,1,0,0,0,1,1,1,0
508,17,2,2,5,5,1,2,3,1,1,4,4,5,1,2,5,0,10,9,9,0,1,0,1,0,0,1,0,0,1,0,1,0,0
509,16,1,1,1,5,1,1,3,2,0,5,3,2,1,1,1,0,16,17,18,1,0,1,1,0,0,1,0,0,0,1,1,0,0
510,17,2,2,5,5,3,2,2,2,0,5,3,2,1,1,1,0,15,17,17,1,0,0,1,0,0,1,1,0,0,1,1,0,0
511,17,1,0,5,5,4,2,2,2,0,4,4,5,1,1,4,1,11,9,10,1,0,0,0,1,0,0,0,0,1,1,1,1,0
512,18,1,1,1,5,4,2,1,2,1,4,3,2,1,1,5,9,7,7,7,1,0,0,1,0,0,1,0,0,1,1,1,1,0
513,16,3,1,5,5,1,2,1,1,0,3,1,3,1,3,1,0,8,6,8,1,0,0,1,1,0,0,1,0,1,1,1,0,0
514,16,3,2,3,1,1,2,1,1,0,3,1,3,1,4,3,2,7,6,7,1,0,0,1,1,0,0,0,0,1,1,1,0,0
515,18,1,1,5,1,3,2,2,2,0,2,3,5,1,4,3,8,9,8,10,1,0,1,1,1,1,0,0,0,0,1,1,0,0
516,16,4,4,2,4,3,1,1,2,0,4,3,3,2,3,2,0,14,16,16,1,0,0,1,0,0,0,1,0,1,0,1,1,0
517,16,1,2,5,5,3,2,2,1,0,5,4,5,1,4,2,0,14,14,15,1,0,1,1,0,0,0,1,0,1,1,1,0,0
518,18,2,4,5,3,3,1,1,2,1,2,3,2,1,3,1,8,8,5,8,1,0,0,0,1,0,1,0,0,1,1,1,0,0
520,16,1,1,1,5,4,2,3,2,0,4,3,2,1,3,5,6,6,8,8,1,0,1,1,1,0,1,0,0,1,1,1,0,0
521,16,2,3,1,3,4,2,2,2,0,3,3,3,1,1,2,0,8,10,10,1,0,0,1,0,0,1,1,0,1,1,1,0,0
522,16,4,4,2,2,1,2,1,2,0,4,3,4,1,2,3,4,8,8,8,1,0,0,1,1,0,1,0,0,1,1,1,1,0
523,18,4,4,1,2,2,2,1,4,0,5,5,5,5,5,5,2,5,6,6,0,1,1,1,1,0,1,1,0,1,1,0,1,0
524,16,3,4,1,5,4,2,3,2,0,4,2,1,1,1,2,2,7,9,8,1,0,1,1,0,0,1,0,0,0,0,1,0,0
525,17,4,4,5,3,2,2,1,3,0,4,4,3,1,2,5,0,15,14,16,0,1,1,1,1,0,1,0,0,1,1,1,0,0
526,17,4,1,5,5,4,2,1,1,0,4,2,3,1,2,5,1,13,14,14,1,0,0,1,0,0,0,0,0,1,1,1,1,0
527,16,2,2,3,3,4,2,4,3,0,5,1,3,2,2,3,0,10,9,10,0,1,1,1,1,0,0,0,0,0,1,1,0,0
528,17,2,2,1,5,4,2,1,1,0,5,1,3,1,2,5,5,9,9,9,1,0,0,1,0,0,1,0,1,1,1,1,0,0
529,16,4,4,3,3,4,1,2,1,0,5,1,3,1,2,5,1,11,11,11,1,0,1,1,1,0,1,0,0,0,1,1,0,0
530,17,3,3,3,3,2,2,1,1,0,4,1,4,5,5,3,8,7,10,9,0,1,0,1,1,0,1,1,0,1,1,1,0,0
531,17,1,1,1,3,4,2,3,2,0,5,1,3,3,3,1,0,10,10,10,0,1,0,1,1,0,0,0,0,1,1,1,1,0
532,16,2,1,2,3,4,2,2,2,0,4,2,2,1,4,5,2,9,7,8,0,1,0,1,1,0,0,0,0,1,0,1,1,0
533,16,2,1,5,3,4,2,1,2,0,3,2,2,1,1,3,0,14,15,16,1,0,1,1,1,0,0,0,0,1,1,1,1,0
534,16,4,4,4,2,4,1,1,1,0,4,1,2,2,5,5,0,11,12,12,0,1,1,1,1,0,1,0,0,1,1,1,0,0
535,15,1,2,5,3,1,2,3,2,0,5,5,5,1,3,5,11,9,11,10,0,1,0,1,0,0,1,1,0,0,1,1,0,0
536,15,2,2,5,5,3,2,3,4,0,5,4,5,2,3,5,8,13,14,14,0,1,1,0,1,0,1,1,0,0,1,1,0,0
537,15,2,1,3,3,1,2,1,1,0,4,3,3,1,2,5,11,12,13,12,0,1,1,0,1,0,0,1,0,1,1,1,0,0
538,16,2,2,5,5,1,2,1,3,0,4,3,3,2,2,5,2,11,11,11,1,0,1,1,0,0,1,0,0,0,0,1,1,0
539,16,4,1,5,5,2,2,2,2,0,1,2,4,2,2,1,8,9,10,10,1,0,1,1,1,0,1,1,0,1,1,1,0,0
540,17,3,2,1,5,2,2,2,1,0,4,3,3,2,2,1,5,9,11,11,1,0,0,1,1,0,0,0,0,0,1,1,1,0
541,17,2,2,5,5,4,2,2,2,0,5,1,3,1,1,5,0,11,9,11,1,0,0,1,0,1,0,0,1,0,1,1,0,0
542,16,4,4,4,3,1,2,2,3,0,5,3,5,1,4,5,1,10,11,12,1,0,0,1,1,0,1,0,0,1,1,1,1,0
543,17,4,4,2,5,1,1,3,1,3,3,3,3,1,3,5,2,9,9,8,0,1,0,1,0,0,0,1,0,1,1,1,1,0
544,17,1,3,5,5,1,1,2,1,0,5,1,2,3,3,5,2,12,11,12,0,1,1,1,0,0,0,1,0,0,1,1,1,0
545,17,3,4,3,5,4,2,1,2,1,5,4,4,3,4,5,8,8,9,8,0,1,0,1,1,0,1,1,0,1,0,1,1,0
546,17,4,4,2,2,1,1,1,2,0,5,2,5,1,1,5,0,13,15,16,1,0,0,1,1,0,1,0,0,1,1,1,0,0
547,16,4,1,5,1,4,1,1,1,0,4,1,2,2,1,2,0,10,11,11,0,1,1,1,0,0,0,0,0,1,1,1,0,0
548,17,1,1,1,1,4,2,1,2,0,4,5,5,1,2,3,2,11,10,11,1,0,0,0,1,0,0,1,0,1,1,1,1,0
549,17,4,2,5,5,1,2,2,2,0,4,3,3,2,3,5,0,17,18,18,1,0,0,1,0,1,1,0,0,1,0,1,0,0
550,16,2,2,5,3,1,1,2,2,0,4,1,2,2,2,5,0,12,13,13,0,1,1,0,1,0,1,0,0,1,0,1,1,0
551,17,3,2,5,5,4,1,2,2,0,4,1,2,2,2,1,0,13,14,13,0,1,0,1,1,0,1,0,1,1,1,1,0,0
552,19,1,1,5,5,4,2,1,2,2,4,4,3,3,4,4,2,9,9,10,0,1,0,1,1,0,1,1,0,1,1,0,0,0
553,17,1,0,5,5,2,2,1,1,0,4,1,2,1,1,5,4,11,11,12,0,1,1,0,1,0,0,0,0,0,1,1,1,0
554,17,1,1,1,1,1,1,2,1,0,3,5,5,2,2,4,3,10,11,10,1,0,0,1,0,0,1,1,0,1,1,0,1,0
555,16,1,2,5,5,2,1,1,3,0,4,3,4,1,1,3,5,13,14,13,1,0,0,1,0,1,1,0,0,1,0,1,1,0
556,16,1,2,5,1,1,2,1,1,0,4,4,4,2,4,5,4,9,10,11,0,1,1,1,0,0,0,0,0,0,1,1,0,0
557,17,3,1,5,5,1,2,2,2,3,5,4,4,1,1,5,2,7,9,10,1,0,0,1,0,0,1,1,0,1,0,1,1,0
558,17,2,2,5,5,1,2,2,1,0,5,5,5,3,5,5,0,8,13,10,0,1,0,1,0,0,0,1,0,0,1,0,1,0
559,18,1,0,1,1,1,3,3,1,1,4,3,2,1,1,4,0,12,12,13,0,1,0,1,0,1,1,0,0,0,1,1,0,0
560,17,1,1,5,3,1,2,2,1,0,4,5,5,1,3,2,0,10,9,10,0,1,0,1,0,0,1,1,0,1,0,1,1,0
561,18,1,1,1,1,1,2,2,2,0,4,3,3,1,4,5,6,10,9,10,0,1,1,1,1,0,1,1,0,0,1,1,0,0
562,16,2,2,5,3,1,1,1,2,0,5,4,3,1,1,1,0,11,13,12,1,0,1,1,0,0,0,1,0,0,1,1,1,0
564,16,3,2,3,5,1,1,2,1,0,4,5,5,2,3,5,2,11,9,10,0,1,0,1,0,0,0,0,0,1,1,1,0,0
565,16,1,1,1,5,1,2,2,1,0,4,5,5,2,4,5,0,10,10,9,0,1,1,1,0,0,0,1,0,1,1,1,0,0
566,18,1,1,3,5,1,3,2,1,1,5,3,3,2,3,5,2,9,7,9,0,1,0,1,0,0,1,0,0,1,1,0,1,0
568,19,3,2,1,3,1,2,2,1,3,3,2,1,1,1,3,4,6,11,9,0,1,0,1,1,0,0,1,0,0,1,1,0,0
569,18,3,3,1,1,1,2,1,2,2,4,4,5,1,3,3,9,4,8,8,0,1,0,1,1,0,1,1,0,1,1,0,0,0
570,16,2,2,3,3,1,2,2,1,0,5,4,3,2,4,4,6,7,8,8,0,1,0,1,0,0,1,1,0,1,1,1,1,0
571,19,2,1,1,5,1,3,2,1,3,4,4,3,1,3,5,4,8,9,9,0,1,0,1,1,0,0,1,0,1,0,0,1,0
572,16,3,2,3,1,1,2,2,2,2,2,5,5,1,1,1,8,5,5,7,1,0,0,0,1,0,1,1,0,0,1,1,1,0
573,17,1,1,5,1,1,2,1,1,0,4,3,2,1,2,5,9,7,9,10,1,0,0,1,1,0,1,1,0,0,1,1,0,0
574,20,1,1,5,5,1,3,2,1,1,4,4,3,2,4,4,12,8,11,10,0,1,0,1,0,0,1,0,0,1,1,0,1,0
575,18,4,3,3,3,1,2,1,1,0,5,4,4,3,4,2,8,10,11,10,1,0,0,0,0,0,1,0,0,1,1,1,0,0
576,18,3,2,5,5,1,2,2,1,0,2,5,5,5,5,5,8,9,10,11,0,1,0,1,0,0,1,0,0,1,0,1,0,0
577,19,1,1,5,3,2,3,3,2,1,5,4,4,3,3,2,8,10,9,11,0,1,0,1,0,0,0,0,0,1,1,1,0,0
578,17,3,3,2,5,1,2,2,2,1,4,5,4,2,3,3,4,8,9,10,0,1,0,1,1,0,1,0,0,1,1,1,0,0
579,18,1,3,1,3,1,2,1,1,0,4,3,3,2,3,3,0,9,10,9,0,1,1,1,1,0,0,0,0,1,1,0,1,0
580,19,1,1,5,5,2,3,3,1,1,4,4,4,3,3,5,4,8,9,10,0,1,0,1,0,0,1,0,0,1,1,1,0,0
581,18,1,2,1,5,1,2,2,2,2,4,3,3,1,1,5,2,6,8,8,1,0,0,0,1,0,1,0,0,0,1,1,0,0
582,19,1,1,1,5,1,2,1,1,0,1,4,4,1,1,5,0,6,8,7,1,0,1,0,1,0,1,0,0,0,1,0,0,0
584,17,0,0,1,5,1,2,2,1,0,4,4,3,1,1,5,0,10,11,11,1,0,0,1,0,0,1,0,0,1,1,1,0,0
585,17,3,1,5,1,1,3,2,3,0,4,2,3,2,2,3,5,8,7,8,1,0,1,0,0,0,1,0,1,0,1,0,0,0
587,18,2,2,3,3,1,2,1,2,1,2,3,3,1,2,4,3,7,6,8,1,0,1,1,0,0,1,1,0,1,1,1,0,0
588,17,4,1,2,1,1,2,1,1,0,3,2,2,1,1,5,0,8,10,9,1,0,0,1,1,0,1,0,0,0,1,1,1,0
589,17,1,2,1,5,1,1,1,1,0,5,5,1,1,1,3,0,7,10,10,1,0,1,1,1,0,0,0,0,1,1,1,0,0
590,18,1,1,5,5,1,2,3,2,2,3,4,4,2,2,5,3,7,8,7,1,0,0,1,1,0,0,1,0,0,1,1,1,0
591,18,2,2,3,1,3,1,2,2,0,4,3,5,1,1,1,2,12,13,14,1,0,0,1,1,0,0,1,0,1,0,1,0,0
592,17,3,3,3,3,1,2,2,1,0,4,4,3,1,1,4,0,11,12,13,1,0,0,1,1,0,1,0,0,1,1,1,0,0
593,18,1,2,1,5,3,2,2,2,0,4,4,3,1,2,4,0,12,13,14,1,0,1,0,1,0,0,0,0,1,1,1,0,0
594,18,4,4,4,4,3,2,2,2,0,4,3,5,1,2,1,0,18,18,18,1,0,0,1,1,0,0,1,0,1,0,1,0,0
595,18,4,4,3,5,3,2,1,1,0,5,4,5,1,1,5,3,17,17,17,0,1,1,1,1,0,1,1,0,1,1,1,0,0
596,17,4,2,5,5,1,2,2,2,0,4,3,3,1,2,4,0,17,18,18,1,0,0,1,1,0,1,0,0,1,1,1,0,0
598,18,1,2,1,3,2,2,2,1,0,4,1,4,5,5,1,8,10,11,11,0,1,1,1,1,0,1,0,0,0,0,1,0,0
599,18,4,4,1,3,4,2,3,1,0,2,5,5,1,1,1,5,12,13,14,0,1,0,1,0,0,1,1,1,1,1,1,1,0
600,17,1,1,5,3,4,1,3,1,0,4,2,3,3,4,4,4,12,13,14,0,1,0,1,0,0,0,0,0,0,0,0,0,0
601,18,2,2,5,5,1,2,2,2,0,1,3,1,1,1,2,4,8,8,10,1,0,0,1,1,0,1,0,0,1,0,1,1,0
602,18,2,2,3,3,1,1,2,3,0,5,4,5,1,4,3,0,11,12,13,1,0,1,1,1,0,0,0,0,1,1,1,1,0
604,18,1,1,1,3,1,2,3,2,1,4,4,2,1,2,2,2,9,10,10,1,0,0,1,1,0,0,0,0,0,1,0,0,0
606,17,4,2,4,5,1,1,2,4,0,4,2,3,3,1,5,0,18,18,18,1,0,0,1,1,0,0,0,0,1,1,1,1,0
607,17,2,1,3,5,3,2,2,2,0,5,3,3,1,2,2,5,11,11,12,1,0,1,0,0,0,0,1,0,1,1,1,1,0
608,18,1,1,1,3,1,2,1,2,0,5,2,3,1,2,3,2,8,10,11,1,0,1,0,1,0,0,0,0,0,1,1,1,0
609,18,1,2,1,1,1,1,2,2,0,4,1,1,1,1,4,0,11,11,12,1,0,0,1,1,0,1,0,0,0,1,0,0,0
611,18,2,2,3,5,2,2,2,3,0,4,2,1,1,1,4,5,14,14,15,1,0,0,1,0,0,0,0,0,1,1,1,1,0
612,17,4,3,3,5,2,2,2,2,1,4,5,5,1,3,2,4,10,11,11,0,1,0,1,0,0,1,1,1,1,0,1,1,0
613,18,3,3,3,3,1,1,1,2,0,5,3,4,1,1,5,0,10,10,10,1,0,0,1,1,0,1,0,0,0,1,1,1,0
614,17,4,4,4,3,4,1,2,2,0,4,3,3,1,2,5,2,12,12,12,1,0,0,1,0,0,1,1,1,1,1,1,0,0
615,17,3,2,3,5,3,2,2,2,0,1,2,3,1,2,5,0,15,14,15,1,0,1,0,1,0,0,0,0,0,1,1,1,0
616,18,1,1,5,3,2,1,2,1,0,3,3,2,1,2,3,2,14,13,14,0,1,1,1,1,0,0,0,0,1,0,1,1,0
617,18,1,1,1,3,1,1,2,3,0,5,3,2,1,1,4,0,19,17,18,1,0,1,1,1,0,0,0,0,1,1,1,0,0
618,18,1,2,1,5,1,2,3,2,0,4,3,4,1,4,5,0,16,15,15,1,0,1,0,0,0,0,0,0,0,1,1,1,0
619,18,3,3,3,3,4,2,2,2,0,4,3,2,1,3,3,6,13,12,13,1,0,0,1,1,0,1,0,0,1,1,1,1,0
620,17,4,4,1,1,1,2,1,2,0,2,3,4,1,1,1,4,15,14,15,1,0,1,1,1,0,1,1,0,1,1,1,1,0
621,17,1,2,5,3,1,1,2,2,0,3,2,2,1,2,3,0,13,13,13,1,0,0,1,0,0,0,0,0,0,0,1,0,0
622,18,1,3,1,5,1,2,2,2,0,3,3,4,2,4,3,0,8,10,9,0,1,0,1,0,0,1,0,1,0,1,1,0,0
623,18,4,4,4,3,4,2,2,3,0,4,2,2,2,2,5,0,15,16,16,0,1,1,1,1,0,0,0,0,1,1,1,1,0
624,17,1,1,5,3,3,2,3,1,1,5,2,1,1,2,1,0,8,8,9,1,0,0,1,0,0,1,0,0,1,1,1,1,0
625,18,2,3,1,3,1,1,2,1,0,5,2,3,1,2,4,0,10,10,10,1,0,0,1,1,0,1,0,0,1,1,1,1,0
627,18,1,2,1,3,4,1,3,1,0,4,3,3,2,3,3,3,9,10,10,0,1,1,1,0,0,1,1,0,1,1,0,1,0
628,17,2,2,5,1,2,2,1,3,0,3,4,3,1,1,3,8,10,11,12,1,0,0,1,1,0,0,1,0,0,1,1,1,0
629,17,1,2,5,5,1,2,1,1,0,3,5,5,1,3,1,4,7,8,9,1,0,0,1,0,0,0,1,0,1,1,1,0,0
630,18,4,4,5,5,3,2,2,3,0,5,4,4,1,1,1,0,15,17,17,1,0,1,1,0,0,0,0,0,1,1,1,0,0
631,18,1,1,5,5,2,2,4,3,0,4,3,2,1,2,4,4,10,11,12,1,0,0,1,0,0,0,0,0,1,1,1,0,0
632,19,1,1,1,5,1,3,2,2,1,4,3,3,1,1,3,4,7,8,9,1,0,0,1,0,0,1,0,0,1,1,1,1,0
633,18,4,4,4,3,1,2,1,2,0,5,4,3,3,4,2,1,13,14,14,1,0,1,1,0,0,0,1,0,1,1,1,0,0
634,18,3,3,5,5,2,2,1,2,0,4,1,3,1,2,1,1,16,16,16,1,0,0,1,1,0,0,0,0,1,1,1,1,0
635,17,3,1,1,5,3,2,1,2,0,4,5,4,2,3,1,10,8,9,9,1,0,0,1,0,0,1,1,0,1,0,1,0,0
636,18,4,4,4,4,2,1,1,2,0,3,2,4,1,4,2,4,17,18,19,0,1,0,1,1,0,0,1,0,1,0,1,0,0
638,17,2,3,5,3,2,1,2,2,0,4,4,3,1,1,3,4,14,15,16,0,1,0,1,1,0,0,1,0,1,1,1,0,0
641,18,2,2,1,5,4,2,2,3,0,5,3,3,1,3,4,0,14,17,15,1,0,0,1,0,0,0,0,0,0,1,1,0,0
642,17,4,3,4,5,4,2,2,2,0,5,5,4,1,1,1,0,6,9,11,1,0,0,1,1,0,0,0,0,1,1,1,0,0
643,18,4,4,4,1,3,2,3,1,0,4,4,3,2,2,5,4,7,9,10,1,0,0,1,0,0,1,1,0,1,1,1,1,0
644,19,2,3,3,5,1,2,1,3,1,5,4,2,1,2,5,4,10,11,10,1,0,0,1,0,0,0,1,0,1,0,1,0,0
645,18,3,1,4,3,1,2,1,2,0,4,3,4,1,1,1,4,15,15,16,1,0,1,1,1,0,1,0,0,1,1,1,0,0
646,18,1,1,5,5,1,2,2,2,0,1,1,1,1,1,5,6,11,12,9,1,0,0,1,1,0,0,1,0,0,1,1,0,0
647,17,3,1,3,3,1,2,2,1,0,2,4,5,3,4,2,6,10,10,10,0,1,1,1,1,0,0,0,0,1,0,1,0,0
648,18,3,2,3,5,1,2,3,1,0,4,4,1,3,4,5,4,10,11,11,0,1,1,1,0,0,0,0,0,1,0,1,0,0
